QID,Brand,Model,Question,Dialogue,Report
Q1,奔驰,奔驰GL级,方向机重，助力泵，方向机都换了还是一样,技师说：[语音]|车主说：新的都换了|车主说：助力泵，方向机|技师说：[语音]|车主说：换了方向机带的有|车主说：[图片]|技师说：[语音]|车主说：有助力就是重，这车要匹配吧|技师说：不需要|技师说：你这是更换的部件有问题|车主说：跑快了还好点，就倒车重的很。|技师说：是非常重吗|车主说：是的，累人|技师说：[语音]|车主说：我觉得也是，可是车主是以前没这么重，选吧助理泵换了不行，又把放向机换了，现在还这样就不知道咋和车主解释。|技师说：[语音]|技师说：[语音],随时联系
Q2,奔驰,奔驰M级,奔驰ML500排气凸轮轴调节错误,技师说：你这个有没有电脑检测故障代码。|车主说：有|技师说：发一下|车主说：发动机之前亮故障灯、显示是失火、有点缺缸、现在又没有故障、发动机多少有点抖动、检查先前的故障是报这个故障|车主说：稍等|车主说：显示图片太大传不了|技师说：[语音]|车主说：这个对发动机的抖动、失火、缺缸有直接联系吗？|技师说：[语音]|车主说：还有就是报（左右排气凸轮轴作动电磁铁）对正极短路、对地短路、对导线断路|技师说：[语音]|车主说：这几个电磁阀和问您的第一个故障有直接关系吧|技师说：[语音]|车主说：这个有办法检测它好坏吗？|技师说：[语音]|车主说：谢谢|技师说：不客气,随时联系
Q3,宝马,宝马X1(进口),2010款宝马X1，2011年出厂，2.0排量，通用6L45变速箱，原地换挡位PRND车辆闯动，行驶升降档正常，4轮离地换挡无冲击感，更换变速箱油12L无改变。试过一辆2014年进口X1原地换挡位也有冲击感，这是什么情况，哪里的问题,技师说：你好，4缸自然吸气发动机N46是吧，先挂空档再挂其他档有没有闯动呢，变速箱油液位是否调整到正常液位呢|车主说：从N到D进本没有 N-R有，P-R有，最主要是行驶中到红绿灯路口等红灯停车D-N有冲击感，绿灯后N-D冲击感很小|技师说：第一，要把变速箱油位调整到标准液位，第二，清除变速箱适应值，第三升级变速箱程序，还有遇到过液力变矩器问题的|车主说：升级变速箱程序是刷模块吗|车主说：还有个问题就是停车后档位在P挡松开刹车踏板时，感觉车辆会动一下|车主说：怎样清除变速箱适应值|技师说：先从简单的排查吧，有可能程序问题，也有可能液力变矩器轴头磨损，泄压了，需要专用电脑清除变速箱适应值升级变速箱程序|技师说：换变速箱油有焦糊味没，变速箱油底壳带滤芯的，换了没，|车主说：没有味，滤芯换了|车主说：变矩器磨损的话，车况上架4轮离地换挡位就没有冲击感呢|技师说：对，所以先从简单的排查，换了油也需要也需要重新学习|车主说：没换油之前就这样，是因为有冲击才换的油|技师说：换油之前也是换挡冲击还是行驶也有冲击|车主说：只是原地换挡位冲击，换油前后行驶都没问题|技师说：多少公里了，估计还是程序问题，阀体里的问题，阀体和电脑一体的|车主说：9.3万公里|车主说：我昨天去试了一个4万多公里X1 也是这样是不是通病|技师说：如果是有一点那是正常的，刹车踩重点也是吗|车主说：用力踩刹车的话冲击感基本没有|车主说：就是用力踩住刹车，原地换挡位基本感觉不到冲击感|技师说：如果是这样，行驶没有冲击，应该没有问题|车主说：哦哦 谢谢|技师说：不客气,行驶没有顿挫的感觉，原地换挡有闯动，刹车踩重没有，这是力的限制的作用，应该没有问题
Q4,Jeep,牧马人,3.0V6发动机号在什么位置，有照片最好！,技师说：右侧排气管上方，缸体上靠近变速箱|车主说：[图片]|车主说：是不是这个？|车主说：这个号不对|车主说：[图片]|技师说：你先拓下来跟行车证对下|车主说：对了，不是|车主说：你有没有图片？|技师说：那年的车|车主说：14年3.0牧马人|技师说：做前轮这边缸体上|车主说：有没有图片画个圈圈|车主说：要不要拆什么|车主说：？？|技师说：不要拆|车主说：都看了，看不到啊|技师说：[图片]|车主说：[图片]|车主说：这个发动机怎么和我的不一样|技师说：你是客户还是维修技师|技师说：柴油还是汽油版|车主说：汽油|车主说：我自己的车，过户要用|技师说：你要找维修人员，或者专门拓号的人|技师说：需要把车升起来|车主说：找了，专业拓号的，按你说的找不到|车主说：他也不知道在哪里,举起车辆，在左前轮这边的缸体上
Q5,奔驰,奔驰C级,2012款奔驰c180怎么样，维修保养，动力，值得拥有吗,技师说：家庭用车的话，还是可以入手的|技师说：维修保养费用不高|车主说：12年的180市场价多少钱现在|车主说：[图片]|车主说：我想给我媳妇买|车主说：这个属于老款吧|技师说：具体要看车况|车主说：[图片]|车主说：车况好|技师说：那年的|技师说：上户日期|车主说：2012年的个人一手，|车主说：大概多少钱|车主说：[图片]|车主说：1.6t|技师说：需要查一下|技师说：15-16万之间|车主说：属于180k1.6t的|车主说：应该是老款|车主说：一般小保养一次多少钱|技师说：老款|技师说：800.|技师说：全合成机油|车主说：变速箱有一般多少钱换一次|车主说：油|技师说：六万公里|技师说：价格在1500|车主说：你说的价格是在外面的修理厂还是四s店的价位|技师说：修理厂|车主说：嗯嗯我知道了，谢谢你??,家庭用车可以入手的，维修保养价格还可以。车况好，价格合理可以入手
Q6,雪佛兰,科鲁兹,科鲁兹变速箱旁边漏机油,技师说：具体是哪个部位呢？是发动机和变速器正中间位置吗？|车主说：[图片]|技师说：这个有拍的图片吗？|车主说：就是中间|车主说：上面的图片就是|技师说：图片上已经看见了，检查机油有没有缺少的情况吧，看见好像是变速器的油。|车主说：如果是变速器漏油 应该是哪里出来问题|车主说：机油不少|技师说：那就是变速器的油，那就要拆开检查一下这个变速器的一轴，有可能是油封出现的路由或者是里面的这个，你这个是自动变速器，自动变速器，还要检查一下这个，中间的传动机构，液压变距器是不是有漏油的情况？|车主说：我这个是手动挡的|车主说：1.6|技师说：手动挡就是变速器的一轴油封出现了漏油。|车主说：需要抬变速箱吗？ 工程量大不大|技师说：这个肯定要拆变速箱才能换，液压离合器分泵，没有问题吧，都正常吧，刹车油不缺少吧|车主说：都正常|技师说：那就得拆变速器了，大概需要半天的时间。|车主说：确定不是机油吗？ 这个是在外面修 还是4S 比较好|车主说：算不算大问题|车主说：紧一下旁边的螺丝有没有用|技师说：机油不缺少，那就不是漏的机油，因为这个地方有两个油封一个事，发动机的曲轴后油封，这个也容易漏机油，第二个就是变速器的一轴油封这个也是容易漏油的，不管是，哪个有问题，只要是这两个问题都要拆变速箱。|车主说：暂时不修有没有什么大影响|技师说：这个去外面修理厂就可以维修，手动挡的话，比较好拆卸。暂时不维修的话也可以，他只是往出渗油检查一下变速器油有没有短缺的。|车主说：好的 如果拆下来方便同时把这两个隐患都修了吗|技师说：是的，拆下来看哪个损坏维修，哪个不坏的话就不需要动它。|车主说：好的谢谢你|技师说：不客气！祝您用车愉快！,像这种情况的话，如果机油不缺少，应该就是变速器的一轴油封有漏油的情况，需要拆下来检查一下，把这两个油封最好都检查一下，如果出现问题直接更换就可以。
Q7,丰田,凯美瑞(海外),我要怎么才能知道车子断开电瓶电源之后要不要做节气门或防盗，音响等的重置，还有节气门重置是不是所有车型都一样，打开电源不启动车子，油门踩到底五秒，重复几次就可以了。其他设备要密码才行是不是,技师说：你好！一般车子如果断开电瓶头着车启动后怠速偏低抖动就是节气门脏了需要重新清洗干净节气门后匹配节气门，防盗功能一般可以解锁着车启动就不会锁止防盗，音响能正常开机就不会锁，如果提示输入密码才能开机就是锁机了，匹配节气门不是所有车型都一样的，有些车型需要连接汽车电脑才能匹配节气门，你可以参考下，希望能帮到你|车主说：一般什么车型需要电脑匹配节气门，比如年份新的，或者某些品牌的，|车主说：音响要是锁了，密码是在哪里，车主手册上吗|技师说：你好！一般中高档车型断电后需要匹配节气门，如大众车系和本田车型清洗干净节气门后需要连接汽车电脑重新匹配节气门，音响锁了，密码一般是在音响外壳的条码上可以找到密码,你好！一般车子如果断电后，重新着车启动会车子怠速偏低不稳抖动就是需要重新清洗干净节气门后匹配节气门，防盗，如果车子能正常解锁就是正常的，音响那方面能正常开机启动就不需要解码，如不能正常开机就是需要输入密码开机，一般密码是车子多媒体机后面条码上可读取密码，不是所有的节气门匹配方法都一样的，有些车型是需要连接汽车专用电脑匹配节气门的，希望能帮到你！
Q8,昌河,昌河Q35,昌河Q35音响怎么拆装,技师说：发个中控图片看看|车主说：[图片]|技师说：[图片]|技师说：圈起来的面板吗|车主说：是的|技师说：翘出来|车主说：不行|技师说：如图所示没有螺丝了|技师说：新车就是紧|车主说：翘的要断了就是不出来|技师说：[图片]|技师说：绿色圈的先拿下来|车主说：上边有螺丝|技师说：你没有拆完吗|车主说：[图片]|技师说：就是内部卡扣固定,这个面板就是内部卡子固定，没有固定螺丝
Q9,长安,长安CS35,长安35朝阳轮胎不要里面的钢圈。用我自己的钢圈多少钱外面换多少钱,技师说：你的意思是就只更换一个新的轮胎就可以吧。|技师说：只更换单独的轮胎，这个价格是350块钱左右。|车主说：只换轮胎皮皮轮毂是我自己的也要350吗|技师说：是的，这个轮胎是个品牌轮胎，而且轮胎型号比较大，所以说价格都比较贵，这就是最便宜的。你可以自己在网上购买，这个有200多的，因为他这个地区不一样，价格略有浮动。|车主说：额额谢谢你的回答??晓得了。|技师说：不客气！祝您用车愉快！,这个单独购买轮胎，这个车胎的型号比较大在卖轮胎的地方，或者去修理厂他这个费用的话在350左右，自己网购的话，更换这个比较便宜一点。
Q10,吉利汽车,远景,吉利远景外球笼上那个大螺丝是顺时针拧下来还是反的,技师说：逆时针旋转松|技师说：这个螺丝就是比较紧|车主说：扳手都断了|车主说：那就是说和轮胎螺丝一样的拧法是吗|技师说：是的|技师说：我拆过的|车主说：嗯嗯,这个螺丝跟轮胎螺丝一样的，顺丝抠
Q11,五菱汽车,五菱之光,五菱之光6376nf，自己装了铁将军防盗器，五线马达的白褐两根信号线接到什么地方去？我想实现一控三马达,技师说：你要是让主驾驶控制其他三个车门吗？是用遥控器吗？如果是这种情况的话，防盗主机，和中控主机都要全部接好才可以。|车主说：那白褐两根线接到哪里呢|车主说：能不能提供个图片|技师说：你说的是白和白黑这两个线吧。你现在连接的是什么触发呢？他这个可以接正触发，也可以正负触发，只用一个防盗主机就可以，还有付负触发|车主说：无论是遥控器还是起步刹车，四个马达都能使用，用的正负触发。不过不能用主驾驶控其他三个门，不知道主驾驶门马达的白，褐两根信号线接到什么地方去，百度上说接到中控盒，是这样吗？中控盒在哪里|技师说：只有用主驾驶无线电机，才用到这两个县的，他是接到中控盒的，就是按遥控器，防盗主机，收到信号控制中控盒中控和控制主驾驶电机，然后控制四个门锁动作。|技师说：[语音]|技师说：如果，是连接的，正负触发四个车门的电机直接上，两个线就可以了，就是绿色的和蓝色的。|车主说：绿蓝两线我接到防盗器的白，白黑二线上了，可驾驶门马达上还有白，褐两根信号线，怎样接才能一控三呢，|车主说：我的目的是想实现一控三|技师说：你必须连接，中控主机才可以控制的。你没有购买一整套的这个，东西吗？叫做中空防盗，这个是一块儿的。你目前连接的只是个防盗器，没有中控盒。|车主说：[图片]|车主说：我买的是这个，还有两个两线马达，两个五线马达，不对吗|车主说：[图片]|车主说：这是接线图|技师说：缺一个中控盒呀，没有呀|车主说：哦哦，那个盒子能单独买吧|技师说：是的，可以的，但是这个正常都是一整套东西。|车主说：单独买需要对频吗|车主说：我研究了好几天了，红线保险丝都烧了俩了|技师说：不需要的，它相当于一个继电器。直接把线路安装好就可以了，这个东西安装比较简单，这都是最简单的，控制电路。|车主说：哦哦，谢谢你了|技师说：不客气！祝您用车愉快！|车主说：再次感谢你|技师说：谢谢打赏已收到！|技师说：点击我的头像下方，关注我有疑问，随时为您解答|车主说：好的,要实现一控三马达，必须主驾，是接个五星的电极，然后就是要增加防盗主机，还有中控主机，这个全部连接起来以后，接负触发则可以控制。
Q12,丰田,花冠,丰田花冠行驶了十万公里皮带要换吗,技师说：正时皮带的话，像这种车型一般最多就是10万公里，最好是更换一次。因为皮带时间长了会出现老化，如果出现断裂的话，就会损坏发动机，造成车辆抛锚。|技师说：还有发电机的皮带的都需要检查一下，最多就是6到8万公里。就需要，检查，或者是更换新件。,现在这个公里数的话，最好是检查一下皮带，应该是有老化的现象，这个皮带。的寿命一般就是8到10万公里。建议最好是更换一下。
Q13,福特,新世代全顺,大师好！新时代全顺，中门板手多少钱啊？右门玻璃升降开关多少钱呢？,技师说：拉手价格60元，开关60元，拿货价格,拉手和升降开关价格在120左右，进货价格
Q14,本田,飞度,发动机工作状态踩离合感觉有点震脚有沙子似的，是不是分离轴承的问题。车速达到120左右感觉车抖，是不是半轴的问题。,技师说：离合器发出声音的话，完全是分离轴承的，发出的声音。车身抖动一般，和传动轴也有关系，但是要检查四个轮胎，如果轮胎变形严重的话，或者是轮毂，有轻微的变形，都会出现这种情况，一般都是些做轮胎动平衡。|车主说：离合器没听到声音，就是感觉有沙子似的轻微震脚，|车主说：轮毂新换的，刚做的动平衡|技师说：那这种情况都是分离轴承过来的声音。轮胎也检查确定没问题吧，这个轮胎的话也会影响这个抖动，而且这个轮胎时间长的话，花纹会出现高低不平的情况，还有变形的情况。半轴的话一般几率是非常小的。我建议你找同样的车型更换轮胎试一下。|车主说：速度越快抖的越严重|车主说：新车能给赔吗|技师说：四轮定位动平衡都做过了，都没问题吗？是的，先检查轮胎吧，半轴，如果有问题的话，一般只能做，替换实验。先把轮胎的问题排除了。为轮胎变形的这种情况出现，车身抖动有遇到很多。|车主说：这种情况|技师说：你去4s店，他会免费给你解决呀，轮胎也都是保修一年。免费给你处理呀|车主说：我换轮毂了|车主说：Te37|技师说：那你没换轮毂之前没出现这个抖动的问题吗？|车主说：没有，但是我换完之后做完动平衡，跑高速没有这症状啊，|车主说：就是涉水之后|车主说：我怕进水，把变速箱油机油都换了|车主说：其实根本没有进水，|车主说：进水空调泵头进水了，|车主说：之后毛病就多了|技师说：你的意思是经过水路以后，就出现了这种情况吗？那进水的话一般重要的就是离合器传动轴不发生碰撞的话，这个不会引起|技师说：你确定是车身抖动还是发动机引起来的呢。|车主说：说不好，就是高速越开约抖|车主说：离合器轻微都动和有沙子似的，能是分离轴承进水导致的吗|车主说：但是不没一脚都有，就是发动机转数越高越明显，完了有时候还没有|技师说：是的，这个响声肯定和进水是有很大关系的。肯定会信，能感觉到这个，那就是分离轴承的响声。这个抖动，如果怀疑是半轴的问题，这个一般得试车呀，试完车以后可以找相同的车装上试一下，因为他这个，传动轴，那眼睛看不出来，有变形，正常都是这样，来处理的。|车主说：4s店能索赔吗，分离轴承|车主说：他要是说没毛病怎么办|技师说：保修时间，根据车型不一样，保修时间也不一样，都是保修三年或6万公里，如果确定是质量问题，肯定是要索赔的呀|技师说：那也可以让他试一下，试驾车型或者其他的同样车型就可以知道了呀。|车主说：我试过我朋友我俩车一样|车主说：他的就没有|技师说：那就肯定是出现问题了。|车主说：他还说我矫情，说能开就行呗|车主说：分离轴承能进水吗，|技师说：这说明4s店只干挣钱的活，不挣钱的，就不想维修，你可以，给厂家打电话投诉他们说过这个问题，他们就会给你及时处理。|车主说：不是密封的吗|技师说：分离轴承，它中间是有间隙的，你要经过水泡的话，他肯定会容易进水。|技师说：安装在变速器壳里面，水太深的话，就会从那个缝隙进去。|车主说：[语音]|车主说：[语音]|车主说：[语音]|车主说：[语音]|技师说：[语音]|技师说：[语音]|技师说：[语音]|车主说：[图片]|技师说：能看到空调泵进水，造成生锈轴承损坏。如果拆下来分离轴承上面也有这种情况的话，都是进水造成的。|车主说：[图片]|车主说：[语音]|车主说：[语音]|车主说：[语音]|技师说：[语音]|车主说：[语音]|技师说：[语音]|技师说：[语音]|车主说：[语音]|车主说：[语音]|车主说：[语音]|技师说：[语音]|技师说：[语音]|车主说：[语音]|车主说：[语音]|车主说：[语音]|技师说：[语音]|技师说：[语音]|车主说：[语音]|车主说：[语音]|技师说：[语音]|车主说：要换的话三件套必须同时更换吗|车主说：不同时更换我可以投诉吗|技师说：是的。不更换的话，离合器压盘上面磨的这个应急和这个不一样。这个使用起来的话，还没有旧的好用。|车主说：谢谢你，我这个确定有问题了吧|车主说：必须要求更换对吗|技师说：你说的这种情况，那肯定就是有问题，正常踩下去是没有声音的。是的呀，有问题肯定要处理呀，要不多影响驾驶的心情呀。|技师说：不客气！祝您用车愉快！|车主说：我这个踩下去没有声音就是震脚感觉不舒畅|车主说：顺畅|车主说：踩着|车主说：离合器片不平我可以yaoqiu更换吗|车主说：要求|车主说：假如|车主说：[语音]|技师说：这个的话肯定是一块更换的，4s店要处理的话，他也不想再重新拆装一次。|技师说：点击我的头像下方，关注我有疑问，随时为您解答|车主说：谢谢已经关注|技师说：好的|车主说：早上我又试圈车|车主说：就是空挡的时候，油门2千多转的时候踩离合器稍微抖动|车主说：转数越高抖动越明显|技师说：踏板上能明显感觉到震动的感觉吧。|车主说：对|技师说：那这种情况明显就是分离轴承发出来的声音转速高了以后，轴承运转不平稳，就出现了这个声音,踩离合器的话出现这个离合器踏板，有震动的话，这个一般都是分离轴承有问题，这个需要检查抖动的话，和轮胎，还有这个传动系统。半轴有很大关系，这个需要做替换实验。
Q15,奇瑞,瑞虎5,你好，，我想咨询一下奇瑞瑞虎5的8位安全码是多少，，PIN安全码又是多少，，谢谢,技师说：你好，只能去4s店，提供有效证件，让他们从厂家查询|车主说：哦哦,这个安全码只能去售后服务站，提供有效证件从厂家获取
Q16,日产,天籁,最近几天后视镜这个eco图标亮了 听说是节能模式 可是我车上没有这个功能 请问是什么原因 怎么能关闭,技师说：你好，是有节油模式的，没有单独开关|技师说：这个图标一般都在仪表盘上出现|车主说：为什么我的会在后视镜|车主说：这个灯亮了代表什么|车主说：这个模式下是不是车会比较肉？|技师说：是的|技师说：省油模式|车主说：那怎么能让车不肉啊|技师说：爱车做过积炭清洗吗|车主说：没做过|技师说：建议清洗节气门积炭，喷油嘴积炭|车主说：我买的是二手车|技师说：检查火花塞，不行就换掉|技师说：需要做积炭清洗换火花塞|车主说：火花塞换过|车主说：换了没多长时间|技师说：那就需要做积炭清洗|车主说：你的意思是做个积碳清洗 就没有这个模式了吗|车主说：？？？|技师说：不是的|技师说：汽油滤芯换过吗|车主说：我也不知道 保养过 不知道换没换|车主说：就感觉车比较肉|车主说：怎么能让动力好点|车主说：方向盘也感觉有时候重|车主说：我该怎么弄弄 你帮我想想办法|技师说：清洗积炭换火花塞|技师说：如果是液压助力转向系统，建议换助力油,这个eco就是燃油的经济模式，开启此功能比较节油。有的车型是有单独的关闭开关，部分车型没有开关。建议爱车做积炭清洗换汽油滤芯
Q17,铃木,羚羊,长安铃木起步熄火.刹车熄火怎么处理,技师说：你好！检查下车子节气门和怠速阀是否有脏了，清洗干净节气门和怠速阀后重新匹配节气门试试，希望能帮到你！|车主说：请问那里可以维修.估计多少钱|技师说：你好！一般大型修理厂或车子品牌4S店都可以检查维修，价格需要检查车子故障原因才能知道需要多少钱,你好！车子故障现象需要检查下节气门和怠速阀是否脏了，如果脏了，清洗干净节气门和怠速阀后匹配节气门，希望能帮到你！
Q18,现代,名图,请问电动座椅已调至最低，可还是觉得高了能人工降低高度吗！,技师说：电动座椅的话，他只能通过开关调整，控制电机，调整这个支架来调整，人工的话是没法做调整的，如果人工能做调整的话，这个电机，它就没法正常的控制了。就会出现故障。|车主说：为什么1.73的身高调到最低头还是会顶到天窗，想着能不能怎么处理下|技师说：你看你车座的坐垫的厚度是不是比较大呢。坐直的话不能在里面坐的太直，一定要，稍微向下一点啊，你可以把靠背向后移动一点。我1米77开的现代瑞纳，座椅，调整不了的也没问题啊。你说的这款车我也驾驶过，没有遇到，说，有这种情况呀,他这个座椅的高度，如果是电动调节的话，就是靠电机来控制的，人工的话不能够调节。像这种情况的话，所以你检查一下坐垫儿厚度是不是太厚，另外就是把靠背稍微往后放点，这样的话就不会头顶挨着顶
Q19,宝马,宝马5系,宝马车有什么方法知道具体位置？喝酒喝多了车子不知道停在哪？,技师说：你好！可以按钥匙遥控按键解锁键或寻车键看看车子的双闪灯闪烁报警查看车子的位置，你可以参考下，希望能帮到你！|车主说：这么简单的事情我还用问你么？|车主说：就是不知道开到哪去了|车主说：要个具体方向|技师说：这个如果车子有安装GPS定位可以打电话到GPS公司平台查看车子的位置|车主说：应该安装了的|车主说：但是具体要怎么操作呢？|技师说：如果车子是安装有GPS定位功能是可以拔打GPS公司的电话查找车子的具体位置再告诉你|车主说：电话号码是多少？|车主说：能发给我一下么？|技师说：你好！一般车子安装GPS全球卫星定位时是会留有公司号码给车主客户的，看看您的通讯录是否有号码|车主说：好像没有|车主说：我们家的车好像不是自己安装的GPS！是车子本来就有的|车主说：跟导航一起的好像|技师说：您好！如果车子原车自带GPS定位功能，可以打电话到购买车子的售后服务看看是否能查找到车子的位置|车主说：好的,你好！车子安装了有GPS全球定位功能是可以咨询下4S店售后服务查询车子的位置的，你可以参考下，希望能帮到你！
Q20,长城,长城M2,换长城M2的发动机多少钱,技师说：换新的价格在7500.左右,全新突机价格在7500左右，进价
Q21,现代,瑞纳,请问大师现代瑞纳加美国狼头机油怎么样？5W30的，狼头机油好吗？,技师说：这个机油的级别对这个车型来说肯定没有问题，但是这个品牌的话，在市场上还真不多见，只要这个机油质量没问题是正品，都可以使用。,这个机油在市面上目前使用的量比较少，但是如果是正品的话，这个级别，对这个车来说是完全可以正常使用的。
Q22,雪佛兰,探界者,凌度行车记录仪河源安装点,技师说：这个没有具体安装点，修理店都可以，价格在60.左右,没有的，直接去修理店安装价格60-80.之间
Q23,荣威,荣威350,荣威350，10年的车，现在行驶过程中听到发动机汽门有响声，是否影响行驶，好维修吗?,技师说：这个气门的声音时间长了以后会有间隙正常磨损会发出这个声音，另外就是更换的机油质量有问题，也会出现这个声音，目前加速行驶，一切正常的话，这个不会受到影响。|车主说：加速行驶一切正常，明白啦，谢谢大师。|技师说：那你就正常使用就可以了，没有必要花费，维修。不客气！祝您用车愉快！|车主说：谢谢！,车辆在长时间运行，使用过程中会出现正常的磨损，会造成气门间隙增大，另外就是机油质量不好的话，也会出现这个问题，现在如果车辆提速加速一切正常的话，这个暂时不用维修。
Q24,现代,瑞纳,13年瑞纳现在噪音大，低速挡怠速不稳，积碳好像多啦，怎么处理,技师说：噪音大是发动机发出来的还是，行驶起来噪音大的这个车型的话轮胎，质量比较不好，容易变形，发出噪音。|技师说：怠速不稳定，这个要清洗一下节气门体，然后做个匹配就可以了，另外就是检查一下火花塞，点火情况，车辆现在行驶多少公里了呢。|车主说：68000公里，|车主说：好像是车轮，去年换的邓禄普，去年没有这莫大声音|技师说：哦。更换轮胎的话行驶了多少公里了？这个车的话普遍的，轮胎都会有噪音，而且这个轮胎，正常行驶起来气也不能太高，太高的话也会发出噪音。|车主说：也就跑啦10000多|技师说：哦。那你说的这种情况还是轮胎的噪音多一点，你检查一下轮胎的话，滑轮有没有偏磨的现象有没有出现，磨得高低不平的情况？|车主说：之前的是锦湖|车主说：滑轮是什么|技师说：锦湖的这个轮胎以前普遍都有问题。所以后来好多车型都更换了，邓禄普的，这个轮胎相对来说噪音还是比较小的。|技师说：这是龙胎，表面的花纹。|车主说：才一年能有问题吗|技师说：这个说不准，原车轮胎的话，有的也就是将近一年的时间就出现有变形的情况，这个和行驶的路况有关系，不过你说的这个噪音大的话，只要是行驶起来有这个声音，肯定是轮胎的问题或者轴承的问题，你先把轴承的问题排除了，那就是，轮胎的问题了。这种车尤其是前轮轴承容易发出声音，你得检查一下。|车主说：好的|技师说：先检查了，这个问题，只能是，一项一项的排除,首先这个噪音大，如果行驶起来出现这个问题，一般是先检查轮胎轴承是不是出现印象，轴承没问题，就是轮胎发出来的声音。清洗积炭一般主要就是清洗节气门体，进气系统，发动机燃烧室，还有这个，燃油系统的喷油嘴，这个都有专用的清洗剂，要定期做保养清洗。
Q25,现代,朗动,大师们你们好，我是现代朗动车最近我的右前轮的部位有响声，是噋噋的响，低速30迈速和倒车往右边打方向时比较响，这种响声一次困扰着我有好几个月了，去修理厂问了师傅说的方向机的事有的说是减震器顶胶的事，有些又说是平衡杆球头的事，请问这响声到底是从什么部位发出来的，请大师们给以准确的解答，谢谢！！！,技师说：根据你说的这种情况，这种响声在什么情况下比较严重的，过减速带和不平的路面会不会发出响声呢？底盘有没有检查过？如果球头的话有问题，或者脚头有问题，这个都可以检查出来，他会有松旷的地方。|技师说：减震器，顶胶有问题可以检查一下，搬下轮胎，看他有没有间隙，一般它上面有一个压力轴承，打方向的时候要跟着一块移动，它损坏的话也会发出声音，但是这个打方向可以在减震器的最上端，感受到。|车主说：过小小的护坡或者是小洞有响声，平路往右边打方向倒车往右边打方向都有响声|车主说：是不是刹车片松动了？|车主说：都检查过，球头没有松动的迹象|技师说：你的这个响声是摩擦的声音，还是比较清脆的声音呢。|技师说：刹车片不会松动，只有那个刹车分泵的那个回位支架，有时候时间长了会松动，这个你用脚踹一下，看有没有响声就可以知道，转向的话出现问题一般都是，减震器的压力，轴承也比较多一点。|车主说：以你判断，我的这种现象是什么地方发出的声音呢？|技师说：我感觉还是减震器上面的顶胶和压力轴承出现问题，，这个车系这个地方都容易出现问题，不是太大的问题。|车主说：压力轴承是在那部位？|车主说：更换多少钱呢？|技师说：压力轴承打开前机盖减震器的最上端。保修期是三年或6万公里，自费的话，材料费是，一百块钱左右不到，工时费的话，外面修理厂50到80。|车主说：是不是镶在顶胶里面的轴承呢？|技师说：是的，这个最好是，看一下顶胶有没有间隙，如果有婕茜最后一块更换效果比较好。|车主说：顶胶总成多少钱？|技师说：就是一百左右的材料费呀。,根据你现在检查的这种情况，底盘的平衡杆，胶套拉杆球头都没有松旷的地方，转向出现异响，有可能就是减震器的顶胶压力轴承出现问题了，这个先检查一下有没有间隙，转向的时候在减震器的上端，检查一下会不会出现响声，更换费用一对大概就是400左右
Q26,丰田,雷凌,驾驶座底部侧面凹进去30厘米得修多少钱,技师说：你好！这个修理厂修复喷漆大概是需要300元左右的价格，你可以参考下，希望能帮到你,你好！一般修理厂钣金修复喷漆是需要300元左右的价格，你可以参考下，希望能帮到你！
Q27,长安,逸动,我的是长安逸动三厢车，在过减速带的时候甩尾严重。前轮刹车右轮刹车片磨损严重，换过分泵以后依然如此。求大师指教,技师说：那你有没有检查一下后面的减震器，还有轮胎磨损的是一个什么情况？|技师说：ABS灯亮，你要看一下是不是有传感器工作不良？还是说这个线路又出现问题？|车主说：哦。后轮有一个该换了|车主说：减震器快速过坎直接到底|技师说：那你把这些检查的问题都一一一块处理，这个问题就可以了，很简单。|车主说：意思是先换轮胎？|技师说：对呀，你可以把前面的轮胎放在后面呀。轮胎的话肯定是必须要换的，你不处理，发现的问题，这个问题就排除不了|车主说：哦,这种情况你先把那个后面的轮胎该更换的处理一下，轮胎花纹不一样，肯定也会出现这种情况，另外就是减震器损坏的话也必须更换，处理了以后，才能检查其他地方有没有问题。
Q28,北汽幻速,北汽幻速S3,刚买的17款幻速S3驾驶座螺丝松动去4S处理要钱吗？ 用不用带上那个保养本本啊？,技师说：你好！车子还在质保期内去4S店检测是质量故障问题是可以免费维修的，可以带上购买车辆的资料去4S店检查下，希望能帮到你|车主说：哦，知道了，谢谢！,你好！车子还在质保期内，去4S店检测是出厂质量故障是可以免费维修的，希望能帮到你！
Q29,别克,君越,09年别克君越、车子一发动空调电子扇就停不下来,技师说：你好，根据您提出的问题，当车辆开启空调的状态下，电子扇本身就会一直处于转动的。这种情况是正常的|车主说：车子一发动就电子扇就高速转|技师说：对啊。本身就是这样|技师说：你不是说开启空调再会这样吗|车主说：关键没开空调呀|技师说：那你第一次问到问什么是开空调呢|技师说：如果是在没有开启空调的状态下，电子扇一直处于高速旋转的话，这种情况 可能是水温传感器损坏，或者是线路方面有接触不良的现象，或者是发动机处于高温状态下都会造成这种现象，您最好是到修理厂，让维修人员使用电脑，先帮你去提，检查一下，另外检查一下防冻液是否严重，缺少|车主说：水温正常的、不管什么时候启动电子扇都高速转|技师说：嗯，那你去修理厂或者4s店找一个人去帮你检查下其他的吧|车主说：有的时候开一天水温都90度|技师说：嗯|车主说：在吗|车主说：水温传感器在那里|技师说：在缸盖上|车主说：[图片]|车主说：哪一边|车主说：你帮我看看|技师说：右边 把那些壳子什么都拆掉,如果在开启空调的状态下风扇一直处于高速运转状态下 这是正常的 
Q30,奥迪,奥迪Q3,  车开了三年，有人推荐延保，有必要购买吗？,技师说：延保的话就4s店推出的一个活动，就是为了让，顾客去店里做保养，有回头客，像这个延保的话，他都是有条件的，一般，你不仔细阅读的话，有可能会被钻了空。买这种情况的一般很少，这个如果车辆平时开的比较多，你可以自己选择购买|车主说：钻了什么空？|技师说：就是说所保修的内容一定要确定，它包括这个油封漏油，以及其他易损件都不在这个延保的范围之内，就是说，如果你要延保的话，损坏以后还是得自费的。也就是说，保修的大多都是不可能损坏的东西，发动机的这个，主要零配件。|车主说：油封漏油包含了。|车主说：还有正式链条|技师说：如果包含的话，那就可以的，这个车型，特别容易漏油漏水的情况，尤其是正时链条也容易出现问题，所以说，把那个条款都看好了以后，自己的话可以决定，购买这个东西。|车主说：谢谢。|技师说：不客气！祝您用车愉快！|车主说：谢谢，方便加个微信吗|技师说：平台不允许留联系方式的，这个都有规定，请理解。点击我的头像下方，关注我有疑问，随时为您解答|车主说：其实我是做延保得，我明天要销售这个车的客户，所以询问你相关知识，|技师说：是的，你说的这个东西，4s店，我们这个地方都有这个东西，目的就是吸引顾客，你可以给他深入讲解一下，这个车辆，如果这个东西损坏以后需要多少费用，给他算这个经济账，他就可以理解。说白了，主要就是，用价格给他以后的使用来做对比。|车主说：我们现在就是不清楚客户品牌车辆到底哪些地方是易损，需要更换的。比如你刚才就告诉我q3是这样的，但是我们却不知道啊，|技师说：大众系列的，包括奥迪系列的，这个车问题相对来说还是比较多的，正时这一套的话，大众车型有好多都出现问题了，因为他用的发动机基本上差不多。|技师说：你可以把车辆保养手册翻出来，就是厂家，保修，那些零配件，你可以遵照那个参考一下。|车主说：主要是我们负责品牌很多|技师说：他很简单，每个。品牌的保养手册，厂家质量担保手册，你有了就可以阅读一下，就那几样东西，每个车型都差不多|车主说：福特品牌有什么呢？还有长安品牌呢|技师说：这两款品牌的话，目前就是说现在发动机的故障率都比较低。有保修的，也主要就是发动机零件这一块还有变速器，尤其是自动变速器出现问题|车主说：我们有变速器。主要是什么问题呢。|技师说：那肯定就是里面的轴承齿轮压出现问题，自动变速器就是，自动变速器的，控制系统出现问题，在变速器当中|车主说：主要出现问题的体现是什么呢？比如油封它是机油漏油嘛，那你说的轴承齿轮压是什么？|技师说：这个后续延保，说白了就和买保险一样，如果客户的车没有问题，那就是净赚，如果，遇上有问题的，那肯定这个客户，就比较占便宜，这个和买保险是一模一样。变速器的话，自动挡一般就容易出现异响，或者是控制阀板损坏，这个是一个比较大的零部件，维修都是两三千以上，还有手动变速箱容易就是，变速器里面都曾出现问题，还有这个齿轮磨损，主要就是这两个问题。|车主说：你们这个每次询问如何收费的啊。|技师说：在你那个里面不是有那个付费的那个条件吗？两元的，有效期是12个小时。五元的和十元的，他这个时间比较长一点，24个小时左右。|车主说：明白了，感谢你哈。|车主说：如果你愿意可以加我186****7335|车主说：0802|技师说：不客气的。|技师说：平台上不要留下自己的联系方式，我们也不会添加任何人的联系方式，小心泄露个人的信息。我们的对话别人都可以看见的。不过以汽车大师的名义，添加你所有其他的信息，这个千万不要添加，我们都不会添加的，因为这都是有规定的。|车主说：明白了。没事，有事我再咨询你。|技师说：好的。,这个车辆延保的话，现在很多人对这个车辆比较重视，因为，各零部件，也是重要的零部件，后期维修的话，这个费用比较高。所以这个延保的话还是有很大优势的
Q31,江淮,同悦,我的车是红色，上面有飞溅到上面的白漆，可能是停车路边有干铁艺的喷漆溅到上面了，怎么办？,技师说：你好 这种情况您可以赶紧到修理厂，让维修人员帮你找点汽油擦一下，如果油漆没有彻底干透的话，是可以擦起来的|车主说：发现已经好几天了|技师说：那你先去试一下吧。用汽油擦一下。如果擦不起来的话，就只能重新喷漆了,如果油漆没有彻底干透的话 可以使用汽油擦起来 如果已经干透 那就只能重新喷漆了 
Q32,马自达,马自达6,马自达6车漆如何养护,技师说：你好 可以定期给车漆做打蜡镀金 打蜡能够让车漆表面形成一种保护膜。镀金可以防止酸雨的腐蚀 太阳的暴晒。|技师说：形成一种很好的保护|车主说：马自达6有5年了，表面有轻微划伤。如何接下来保养|车主说：对车无副作用|技师说：做一般的抛光打蜡就好了|车主说：抛光无副作用吗，磨掉一侧原车漆不就更薄啦|车主说：淘宝卖的自己打蜡的有用吗请问|技师说：有一点点 但是不会影响太大|技师说：没有用 自己弄不了的。需要使用到抛光机才可以起到很好的效果,可以定期做一些镀金 打蜡能够起到很好保护车漆的作用 
Q33,长安欧尚,欧诺,你好，老师。我的长安欧诺12年款1.5vvt 的待机2500转，怕怕的响是怎么回事。给煤气打火灶一个声音。跑起来到80码也响，请老师告知,技师说：根据故障现象和车龄，需要检查发动机皮带以及各个皮带轮，特别张紧轮，确认是就更换即可。|车主说：跑到6万多公里了，|车主说：待机到2500转也响。|车主说：跑到80码以上也响，|车主说：长安欧诺是皮带，还是链条|车主说：换个皮带多少钱，|车主说：声音很脆弱|技师说：外面都是皮带的，到店顺便确认下可以了，具体价格建议咨询当地维修点哦。|车主说：待机到2500转才响，过了2500转待机就不响了。低于2500转也不响，怕，怕，怕，就是这个声音。给煤气打火灶一个声音。|车主说：发动机里面是链条吗？|车主说：不是别的坏了吧，|车主说：老师你估计一下，长安欧诺，皮带大约多少钱。|车主说：？|技师说：一般不会里面坏，外面皮带张紧轮比较多|技师说：不贵的一套最多几百块而已,建议检查确认发动机皮带以及张紧轮，确认是更换即可。
Q34,现代,名图,你好，我那车是北京现代2014款的名图，太阳晒一会，打开车门，气味很难问啊，开一会车，人就感觉头昏昏的。,技师说：你好 这种情况你可以在车内放置一些竹炭包去吸附异味 买一些香水 或者是香膏之类得东西去进行空气得以改善|车主说：没有用啊，我那是从去年夏天开始有这种现象，开空调也是一样的感觉，我也有买香膏之内的东西，感觉也是一样的。|技师说：那就没办法了 说明你对这个车的气味比较敏感|车主说：我朋友前几天开了10多公里吧，也是一样的，头晕晕的|技师说：那你最好是开到4S店 然后维修人帮你检查一下空调滤芯是不是有问题|车主说：好，谢谢|技师说：不客气,你可以买一些竹炭包放在车里吸附异味 买一些香水 香膏之类的东西放在车里进化空气 
Q35,起亚,索兰托,变速箱油有臭味速度到80迈就不跳档了,技师说：你好 这种现象明显是变速箱内部磨损 或者是严重缺油所导致的 建议先到修理厂去检查变速箱油 如果油液没有缺少的话 那就只能拆解变速箱进行大修了|车主说：但是换手动挡速度就上去了|技师说：臭味还会有吗|车主说：就是四档不跳档|技师说：那也可能是变速箱的电磁阀出脸问题 这个需要具体拆开检查下|车主说：是变速箱油有臭味|技师说：有没有重新更换新的变速箱油在试一试呢|车主说：没有换|技师说：那你最好先换一下油试一试|车主说：好的|技师说：嗯,这种现象建议先更换新的变速箱油试一下 如果还是存在这种故障的话 就只能拆解变速箱进行维修了
Q36,长安,逸动,我是2015款长安逸动车，每次开车从40码到65码之间，坐在车里听到外面发动机前面有呼拉呼拉声音。不知道什么问题？,技师说：你好 如果只是在这个速度之间有这种声音 通常都是发动机所产生的共振现象 需要检查发动机下护板是否松动 检查发动机鸡脚是否损坏 检查排气管上的隔热板螺丝是否松动|车主说：[图片]|车主说：跟他差不多情况，但没去4S店检查|车主说：倒车时候打方向盘，会有嘎嘎声音|车主说：准备抽个时间去4 S店检查下。|技师说：嗯,这种现象是发动机所产生的共振现象 检查发动机下护板 鸡脚架 排气管隔热板螺丝是否出了问题 
Q37,荣威,荣威350,请问荣威350自动挡5w公里具体保养项目，变数箱油要换吗？,技师说：你好 五万公里需要进行一次大保养了。需要更换的东西很多 有机油 机滤 空滤 刹车油 变速箱油 汽油滤芯 火花塞 防冻液 都是需要进行更换的|车主说：大概多少钱？|技师说：2000左右|车主说：嗯，谢谢！|技师说：不客气,五万公里需要做大保养 需要更换变速箱油 刹车油 汽油滤芯 防冻液 空调滤芯 火花塞都是需要进行更换的 
Q38,大众,POLO,Polo新车两个月，有异响怎么处理，4s店也说没办法，请问找谁？,技师说：你好 如果4S店维修次数拆过三次都没有解决好的话 可以要求退还车辆。在新的三包法内时候明确规定的。你也可以进行厂家电话投诉|车主说：三包是多久？|技师说：两年五万公里内都属于三包期|车主说：厂家是上汽大众吗？我打了，他叫我找经销商|技师说：是的。那就只能着经销商了|技师说：如果投诉了 4S店都没有解决办法的话 那就真的没办法了。|车主说：??|技师说：??,新车维修次数超过三次的话是可以进行退还车辆的。
Q39,北京,北京BJ40,bj40仪表盘显示存在故障是什么问题,技师说：你好 这种情况通常都是有个灯泡坏掉了。或者是倒车雷达出了问题。您最好是到修理厂让维修人员帮你使用电脑线具体检查一下看看,这种现象可能是有个灯泡损坏 或者是倒车雷达出了问题。建议到修理厂找维修人员帮你先具体检查一下
Q40,众泰,众泰SR7,我的车众泰sr7，去年开始车开的逐渐少了，一般一个星期开个两三回，然后发现一个问题超过三天就会没电启动不了，4s店检修过多次没给出啥原因，电瓶也换过还是这样，车还在4s店放着呢,技师说：理论上你每月的使用频率的确很低    不具备发电机给电瓶充电条件   因为   电还没有充满   你就已经把车子熄火了 还有一种情况就是车子有放电的地方 现在的汽车  基本上都以电控为主    有些电控模块质量问题  会出现放电现象    这需要借助万用表去测量,用万用表或电流钳检测是否有放电情况   如果有    排除故障  如果没有   可以试试每天多行驶一断时间   让电瓶能够充满电量
Q41,吉利汽车,金刚,汽车轮胎蹭掉一块橡胶用换轮胎么,技师说：你好，发个图片具体看看受伤情况|技师说：新车啊，要是不严重，放在后轮使用|车主说：就是后轮|技师说：有图片吗|车主说：现在不好拍|车主说：明天给你拍|技师说：可以，的|车主说：好像没有到帘子|车主说：轮毂有擦伤影响么？|技师说：没有任何影响,既然是在后轮使用，那就没有任何问题，新车新轮胎耐用呢
Q42,奥迪,奥迪A3(进口),15款进口奥迪a3更换了已经显示18000公里的全液晶仪表盘，但原车已经跑了58000公里，想把仪表盘公里数调整到58000。期间去了一家，他家拿出来三个调表器，最后一个黑色的确认以后仪表盘重启了，但是公里数仍然没有改变。请问有没更好的办法。不改回来就没有质保了。我在哈尔滨市，可以给我找专业地方，工时费单独计算,技师说：调表啊，|技师说：具体购车日期|车主说：15年的，用了调表器，调整不过来|车主说：也是那种小黑色的|技师说：也快出质保期了|技师说：没有必要调|车主说：还有一年呢，送我的延堡|车主说：而且跑了6万公里，正是需要换一些重要配件的时候了|技师说：六万公里需要换的配件都是自费|技师说：就是所谓的大保养,这个没有办法，因为全液晶仪表盘是新产品，很多改写里程的电脑无法破解其系统，要么就拆下里程表芯片在单片机上利用汽车数码大师做改写里程
Q43,捷豹,捷豹XF,捷豹XF的右后视镜换一个多少，镜片好好的就是外壳列了,技师说：去4s店更换价格在3000左右，如果自己去购买价格也得1000多呢|技师说：有外壳裂的照片吗|车主说：后面外壳没裂|车主说：是前面的一圈黑色裂了|车主说：不能上传图片吗|车主说：有照片但是不知道为什么发送不过去|车主说：照片提示上传失败|车主说：有其他方式发图吗|技师说：发不了|车主说：应该算是镜子的前面一圈黑色的裂了，后壳好好的|技师说：[图片]|技师说：没看到吗|车主说：是镜面前的一圈|车主说：前面的一圈黑色边框|技师说：很明显吗|车主说：明显|技师说：不想换可以粘贴试试，毕竟不便宜。要换只能换总成|车主说：总成价格再多少|技师说：3000多|车主说：总成也就三千多吗|车主说：4S|技师说：嗯|技师说：具体可以先打电话咨询|车主说：4S价格跟您报价差不多嘛|技师说：嗯|车主说：您好我刚刚问了下是后视镜镜框|车主说：这个4S有单卖的吗？还是必须换总成|技师说：4s没有单卖的,这个没有单独更换的配件，只能换后视镜总成，价格3000左右
Q44,哈弗,哈弗H6,哈佛H6换了正时皮带后报失火故障码是什么问题,技师说：你好！这种情况下我们就需要检验一下正时是否正确，可以通过测量发动机缸压来判断正时|车主说：正时确认对齐了|技师说：这款发动机是不是有平衡轴的？平衡轴也是需要对记号的,检查正时，测量缸压
Q45,丰田,锐志,我的车最近跑高速开空调，跑段时间AC灯会闪烁，空调就不制冷了，吹出来的是自然风，请问是什么情况,技师说：你好，这个用电脑检测进入空调系统是否有故障，|车主说：没有啊|车主说：都检查了|技师说：不工作的时候有留意电子扇转不|车主说：空调不工作，电子扇也不转|车主说：修理厂说是压缩机有问题，换了一个还是不行，问题没有解决|车主说：AC灯闪的时候，把空调关了等会再开就可以了|技师说：他们有用电脑看过空调系统的数据流吗|车主说：好像也看了|车主说：室内温度会变化，|技师说：他们有说什么不对的吗？|车主说：没有|技师说：室外呢|车主说：说是蒸发箱感应温度也会变化|车主说：室外和仪表显示的温度相差不到1度|技师说：车子停下来开空调正常吗？|车主说：原地也会不过没有跑高速频繁|技师说：空调放大器有检查过吗|车主说：是什么东西|车主说：没听说过|技师说：空调电脑板|车主说：空调电脑板怎么检查|车主说：不是空调面板吧|技师说：不是，空调系统有一块电脑板的|车主说：这个内听修理厂说过|车主说：你好在哪个位置安装呢|车主说：哪个要怎么检查呢？|技师说：最主要看数据流有什么不对的，|车主说：数据流就我刚才给你说的，也没有别的|技师说：它不动作的时候看看里面的数据流，温度，电压这些|技师说：那就是电脑板问题了|车主说：这个好像电脑读不出来|技师说：空调线路有检查过吗|车主说：我让他们现在看数据流|技师说：好的|车主说：[图片]|车主说：[图片]|车主说：能看到不能|技师说：在看|技师说：照一下空调面板看看|车主说：[图片]|车主说：[图片]|车主说：你好你的电话多少啊？我给你打电话吧|技师说：电脑板问题了|车主说：电脑版在哪里啊|技师说：你这车中央显示开空调有显示的吗|车主说：不明白什么意思|车主说：仪表不显示|车主说：就空调面板上显示|技师说：大屏幕那里|技师说：哦，|车主说：导航吧|车主说：导航上不显示|技师说：是的|车主说：就空调面板显示|技师说：那就看看电脑板了，线路有检查过吗|技师说：空调继电器这些有检查过吗|车主说：线路看了，修理工说插头都没事|车主说：那个没有检查|技师说：建议先检查一下空调继电器是否发热了不动作，如无事就看电脑板了。|车主说：电脑版在哪里|车主说：修理工找不到|技师说：电脑板在空调格附近|车主说：好的|车主说：明天让他们看看|车主说：谢谢了|车主说：有微信没有|技师说：好的,你好，检查一下空调继电器是否发热不动作，和检查一下空调电脑板。
Q46,起亚,秀尔,12年起亚秀儿，中控锁不动作，更换锁块，控制盒，线路都同，遥控双闪亮，但是锁不动作,技师说：[语音],你好，根据描述情况分析，应该检查遥控器有没有发出频率信号，还有就是更换的控制盒有没有和遥控器匹配，很高兴为你解答
Q47,奥迪,奥迪A6L,仪表上有时会显示EPC，这样是什么原因，4S店检查的哪些必须要换,技师说：你好，稍等一下，帮你看下|技师说：检测出来什么故障码了|车主说：4S检查就是这些，开也没什么异常|车主说：EPC有时有，有时没有|技师说：很多东西没有必要更换，现在故障灯亮，我需要故障码才能给你确定|车主说：4S店检测的这些在外面修理厂换效果会差不多吗|技师说：很多个故障灯亮没有关系明白不，|技师说：你可以在地方修理厂用仪器调取下故障码，|技师说：把故障码给我，|车主说：好的|技师说：嗯，点击关注我，可以随时联系我|车主说：故障显示燃油泵和可变正时电磁阀，|车主说：电磁阀的电阻不稳定|车主说：修车厂是这样说的|技师说：[语音]|技师说：[语音]|车主说：我只是问，车子还没过去|技师说：[语音]|车主说：好的|技师说：嗯,你好，根据描述情况分析，应该检查发动机故障码，根据故障码判断故障，不是随便更换配件，很多配件和发动机灯亮没有关系，
Q48,大众,桑塔纳志俊,开钥匙门鼓风机就转是怎么回事啊,技师说：检查一下鼓风机电阻|技师说：和空调开关|车主说：电阻换了两个都没管事、|车主说：空调开关把插头拔了也不行|车主说：？？|技师说：[语音]|车主说：管用|技师说：[语音]|技师说：好了吗,检查电阻
Q49,别克,昂科拉,变速器油多久换一次啊？,技师说：你好，变速箱油一般3～5万公里左右需更换的，最好|车主说：谢谢！它的作用？有换的标志吗？一般换一次多少钱？|技师说：你好，要对车型和变速箱型号的，钱多少就不好说的看什么型号和什么牌子和各个地区收费不一样的。|车主说：谢谢！|技师说：它动作就是保护变速箱和对变速箱的润滑等等.|技师说：好的|车主说：谢谢。|技师说：不用谢,你好，一般3～5万公里需更换变速箱油了。
