Q1,奔驰,奔驰GL级,方向机 重 ， 助力 泵 ， 方向机 都 换,技师说 车主说 新 都 换 车主说 助力 泵 ， 方向机 技师说 车主说 换 方向机 带 车主说 技师说 车主说 助力 重 ， 这车 匹配 技师说 不 需要 技师说 更换 部件 问题 车主说 跑 快 还好 点 ， 倒车 重 很 。 技师说 非常 重 车主说 ， 累人 技师说 车主说 觉得 ， 车主 以前 没 重 ， 选 助理 泵 换 不行 ， 放 机换 ， 现在 还 不 知道 车主 解释 。 技师说 技师说,随时 联系
Q2,奔驰,奔驰M级,奔驰 ML500 排气 凸轮轴 调节 错误,技师说 有没有 电脑 检测 故障 代码 。 车主说 技师说 发 一下 车主说 发动机 之前 亮 故障 灯 、 显示 失火 、 有点 缺缸 、 现在 没有 故障 、 发动机 有点 抖动 、 检查 先前 故障 报 故障 车主说 稍 车主说 显示 太大传 不了 技师说 车主说 发动机 抖动 、 失火 、 缺缸 直接 联系 ？ 技师说 车主说 报 左右 排气 凸轮轴 作动 电磁铁 正极 短路 、 短路 、 导线 断路 技师说 车主说 几个 电磁阀 问 第一个 故障 直接 关系 技师说 车主说 办法 检测 好坏 ？ 技师说 车主说 谢谢 技师说 不客气,随时 联系
Q3,宝马,宝马X1 进口,2010 款 宝马X1 ， 2011 年 出厂 ， 2.0 排量 ， 通用 6L45 变速箱 ， 原地 换挡 位 PRND 车辆 闯动 ， 行驶 升降 档 正常 ， 4 轮离 换挡 无 冲击感 ， 更换 变速箱 油 12L 无 改变 。 试 一辆 2014 年 进口 X1 原地 换挡 位 冲击感 ， 这是 情况 ， 问题,技师说 4 缸 自然 吸气 发动机 N46 ， 先挂 空档 再 挂 档 有没有 闯动 ， 变速箱 油液 位 是否 调整 正常 液位 车主说 N D 进本 没有 N R ， P R ， 最 主要 行驶 中到 红绿灯 路口 红灯 停车 D N 冲击感 ， 绿灯 后 N D 冲击感 很小 技师说 第一 ， 变速箱 油位 调整 标准 液位 ， ， 清除 变速箱 适应 值 ， 第三 升级 变速箱 程序 ， 遇到 液力 变矩器 问题 车主说 升级 变速箱 程序 刷 模块 车主说 问题 停车 后 档位 P 挡 松开 刹车踏板 时 ， 感觉 车辆 会 动 一下 车主说 清除 变速箱 适应 值 技师说 先 简单 排查 ， 可能 程序 问题 ， 可能 液力 变矩器 轴头 磨损 ， 泄压 ， 需要 专用 电脑 清除 变速箱 适应 值 升级 变速箱 程序 技师说 换 变速箱 油有 焦糊 味 没 ， 变速箱 油底壳 带 滤芯 ， 换 没 ， 车主说 没有 味 ， 滤芯 换 车主说 变矩器 磨损 ， 车况 上架 4 轮离 换挡 位 没有 冲击感 技师说 ， 先 简单 排查 ， 换 油 需要 需要 重新学习 车主说 没 换油 之前 ， 是因为 冲击 才 换 油 技师说 换油 之前 换挡 冲击 行驶 冲击 车主说 原地 换挡 位 冲击 ， 换油 行驶 都 没 问题 技师说 公里 ， 估计 程序 问题 ， 阀体 里 问题 ， 阀体 电脑 一体 车主说 9.3 万公里 车主说 昨天 去试 4 万多公里 X1 是不是 通病 技师说 一点 正常 ， 刹车 踩 重点 车主说 用力 踩 刹车 冲击感 基本 没有 车主说 用力 踩住 刹车 ， 原地 换挡 位 基本 感觉 不到 冲击感 技师说 ， 行驶 没有 冲击 ， 应该 没有 问题 车主说 谢谢 技师说 不客气,行驶 没有 顿挫 感觉 ， 原地 换挡 闯动 ， 刹车 踩 重 没有 ， 力 限制 作用 ， 应该 没有 问题
Q4,Jeep,牧马人,3.0 V6 发动机 号 位置 ， 照片 最好 ！,技师说 右侧 排气管 上方 ， 缸体 上 靠近 变速箱 车主说 车主说 是不是 ？ 车主说 号 不 车主说 技师说 先 拓下来 行车证 对下 车主说 ， 不是 车主说 有没有 ？ 技师说 那年 车 车主说 14 年 3.0 牧马人 技师说 做 前轮 缸体 上 车主说 有没有 画个 圈圈 车主说 不要 拆 车主说 ？ ？ 技师说 不要 拆 车主说 都 看 ， 看不到 技师说 车主说 车主说 发动机 不 技师说 客户 维修 技师 技师说 柴油 汽油 版 车主说 汽油 车主说 车 ， 过户 技师说 找 维修 人员 ， 专门 拓号 人 技师说 需要 车升 起来 车主说 找 ， 专业 拓号 ， 说 找 不到 车主说 不 知道,举起 车辆 ， 左 前轮 缸体 上
Q5,奔驰,奔驰C级,2012 款 奔驰 c180 ， 维修保养 ， 动力 ， 值得 拥有,技师说 家庭 用车 ， 入手 技师说 维修保养 费用 不高 车主说 12 年 180 市场价 钱 现在 车主说 车主说 想 媳妇 买 车主说 属于 老款 技师说 具体 看 车况 车主说 车主说 车况 好 技师说 那年 技师说 上户 日期 车主说 2012 年 个人 一手 ， 车主说 大概 钱 车主说 车主说 1.6 t 技师说 需要 查 一下 技师说 15 16 万 之间 车主说 属于 180k1.6 t 车主说 应该 老款 车主说 小 保养 一次 钱 技师说 老款 技师说 800 . 技师说 全 合成 机油 车主说 变速箱 钱换 一次 车主说 油 技师说 六 万公里 技师说 价格 1500 车主说 说 价格 外面 修理厂 四 s 店 价位 技师说 修理厂 车主说 知道 ， 谢谢 ? ?,家庭 用车 入手 ， 维修保养 价格 还 。 车况 好 ， 价格合理 入手
Q6,雪佛兰,科鲁兹,科鲁兹 变速箱 旁边 漏机油,技师说 具体 部位 ？ 发动机 变速器 正中间 位置 ？ 车主说 技师说 拍 ？ 车主说 中间 车主说 上面 技师说 上 已经 看见 ， 检查 机油 有没有 缺少 情况 ， 看见 好像 变速器 油 。 车主说 变速器 漏油 应该 出来 问题 车主说 机油 不少 技师说 变速器 油 ， 就要 拆开 检查一下 变速器 一轴 ， 可能 油封 出现 路由 里面 ， 自动 变速器 ， 自动 变速器 ， 还要 检查一下 ， 中间 传动 机构 ， 液压 变距器 是不是 漏油 情况 ？ 车主说 手动挡 车主说 1.6 技师说 手动挡 变速器 一轴 油封 出现 漏油 。 车主说 需要 抬 变速箱 ？ 工程量 大不大 技师说 肯定 拆 变速箱 才能 换 ， 液压 离合器 分泵 ， 没有 问题 ， 都 正常 ， 刹车油 不 缺少 车主说 都 正常 技师说 拆 变速器 ， 大概 需要 半天 时间 。 车主说 确定 不是 机油 ？ 外面 修 4S 比较 好 车主说 算不算 大 问题 车主说 紧 一下 旁边 螺丝 有没有 技师说 机油 不 缺少 ， 不是 漏 机油 ， 地方 两个 油封 事 ， 发动机 曲轴 后 油封 ， 容易 漏机油 ， 第二个 变速器 一轴 油封 容易 漏油 ， ， 问题 ， 两个 问题 都 拆 变速箱 。 车主说 暂时 不修 有没有 大 影响 技师说 去 外面 修理厂 维修 ， 手动挡 ， 比较 好 拆卸 。 暂时 不 维修 ， 往出 渗油 检查一下 变速器 油 有没有 短缺 。 车主说 好 拆下来 方便 两个 隐患 都 修 技师说 ， 拆下来 看 损坏 维修 ， 不 坏 不 需要 动它 。 车主说 好 谢谢 技师说 不客气 ！ 祝您 用车 愉快 ！,这种 情况 ， 机油 不 缺少 ， 应该 变速器 一轴 油封 漏油 情况 ， 需要 拆下来 检查一下 ， 两个 油封 最好 都 检查一下 ， 出现 问题 直接 更换 。
Q7,丰田,凯美瑞 海外,我要 才能 知道 车子 断开 电瓶 电源 之后 不要 做 节气门 防盗 ， 音响 重置 ， 节气门 重置 是不是 所有 车型 都 ， 打开 电源 不 启动 车子 ， 油门 踩 到底 五秒 ， 重复 几次 。 设备 密码 才行 是不是,技师说 你好 ！ 车子 断开 电瓶 头 车 启动 后 怠速 偏低 抖动 节气门 脏 需要 重新 清洗 干净 节气门 后 匹配 节气门 ， 防盗 功能 解锁 车 启动 不会 锁止 防盗 ， 音响 正常 开机 不会 锁 ， 提示 输入 密码 才能 开机 锁机 ， 匹配 节气门 不是 所有 车型 都 ， 车型 需要 连接 汽车 电脑 才能 匹配 节气门 ， 参考 下 ， 希望 帮到 车主说 车型 需要 电脑 匹配 节气门 ， 年份 新 ， 品牌 ， 车主说 音响 锁 ， 密码 ， 车主 手册 上 技师说 你好 ！ 中高档 车型 断电 后 需要 匹配 节气门 ， 大众 车系 本田 车型 清洗 干净 节气门 后 需要 连接 汽车 电脑 重新 匹配 节气门 ， 音响 锁 ， 密码 音响 外壳 条码 上 找到 密码,你好 ！ 车子 断电 后 ， 重新 车 启动 会 车子 怠速 偏低 不 稳 抖动 需要 重新 清洗 干净 节气门 后 匹配 节气门 ， 防盗 ， 车子 正常 解锁 正常 ， 音响 方面 正常 开机 启动 不 需要 解码 ， 不能 正常 开机 需要 输入 密码 开机 ， 密码 车子 多媒体 机 后面 条码 上 读取 密码 ， 不是 所有 节气门 匹配 方法 都 ， 车型 需要 连接 汽车 专用 电脑 匹配 节气门 ， 希望 帮到 ！
Q8,昌河,昌河Q35,昌河Q35 音响 拆装,技师说 发个 中控 看看 车主说 技师说 技师说 圈起来 面板 车主说 技师说 翘出来 车主说 不行 技师说 如图所示 没有 螺丝 技师说 新车 紧 车主说 翘 断 不 出来 技师说 技师说 绿色 圈 先 下来 车主说 上边 螺丝 技师说 没有 拆完 车主说 技师说 内部 卡扣 固定,面板 内部 卡子 固定 ， 没有 固定 螺丝
Q9,长安,长安CS35,长安 35 朝阳 轮胎 不要 里面 钢圈 。 钢圈 钱 外面 换 钱,技师说 意思 只 更换 新 轮胎 。 技师说 只 更换 单独 轮胎 ， 价格 350 块钱 左右 。 车主说 只换 轮胎 皮皮 轮毂 350 技师说 ， 轮胎 品牌 轮胎 ， 轮胎 型号 比较 大 ， 说 价格 都 比较 贵 ， 最 便宜 。 网上 购买 ， 200 ， 地区 不 ， 价格 略有 浮动 。 车主说 额额 谢谢 回答 ? ? 晓得 。 技师说 不客气 ！ 祝您 用车 愉快 ！,单独 购买 轮胎 ， 车胎 型号 比较 大 卖 轮胎 地方 ， 去 修理厂 费用 350 左右 ， 网购 ， 更换 比较 便宜 一点 。
Q10,吉利汽车,远景,吉利 远景 外球笼 上 大 螺丝 顺时针 拧下来 反,技师说 逆时针 旋转 松 技师说 螺丝 比较 紧 车主说 扳手 都 断 车主说 那就是说 轮胎 螺丝 拧 法 技师说 技师说 拆过 车主说,螺丝 轮胎 螺丝 ， 顺丝 抠
Q11,五菱汽车,五菱之光,五菱之光 6376nf ， 装 铁将军 防盗器 ， 五线 马达 白 褐 两根 信号线 接到 地方 去 ？ 想 实现 一控三 马达,技师说 主 驾驶 控制 三个 车门 ？ 遥控器 ？ 这种 情况 ， 防盗 主机 ， 中控 主机 都 全部 接好 才 。 车主说 那白 褐 两根 线 接到 车主说 不能 提供 技师说 说 白 白 黑 两个 线 。 现在 连接 触发 ？ 接正 触发 ， 正负 触发 ， 只用 防盗 主机 ， 付负 触发 车主说 无论是 遥控器 起步 刹车 ， 四个 马达 都 使用 ， 正负 触发 。 不能 用主 驾驶 控 三个 门 ， 不 知道 主 驾驶 门 马达 白 ， 褐 两根 信号线 接到 地方 去 ， 百度 上 说 接到 中控 盒 ， ？ 中控 盒 技师说 用主 驾驶 无线电 机 ， 才 用到 两个 县 ， 接到 中控 盒 ， 遥控器 ， 防盗 主机 ， 收到 信号 控制 中控 盒 中控 控制 主 驾驶 电机 ， 控制 四个 门锁 动作 。 技师说 技师说 ， 连接 ， 正负 触发 四个 车门 电机 直接 上 ， 两个 线 ， 绿色 蓝色 。 车主说 绿蓝 两线 接到 防盗器 白 ， 白黑 二线 上 ， 驾驶 门 马达 上 白 ， 褐 两根 信号线 ， 接 才能 一控三 ， 车主说 目的 想 实现 一控三 技师说 必须 连接 ， 中控 主机 才 控制 。 没有 购买 一整套 ， 东西 ？ 叫做 中空 防盗 ， 一块儿 。 目前 连接 防盗器 ， 没有 中控 盒 。 车主说 车主说 买 ， 两个 两线 马达 ， 两个 五线 马达 ， 不 车主说 车主说 这是 接线图 技师说 缺 中控 盒 ， 没有 车主说 ， 盒子 单独 买 技师说 ， ， 正常 都 一整套 东西 。 车主说 单独 买 需要 对频 车主说 研究 好 几天 ， 红线 保险丝 都 烧 俩 技师说 不 需要 ， 相当于 继电器 。 直接 线路 安装 好 ， 东西 安装 比较简单 ， 都 最 简单 ， 控制电路 。 车主说 ， 谢谢 技师说 不客气 ！ 祝您 用车 愉快 ！ 车主说 再次 感谢 技师说 谢谢 打赏 已 收到 ！ 技师说 点击 头像 下方 ， 关注 疑问 ， 随时 解答 车主说 好,实现 一控三 马达 ， 必须 主驾 ， 接个 五星 电极 ， 增加 防盗 主机 ， 中控 主机 ， 全部 连接起来 以后 ， 接负 触发 控制 。
Q12,丰田,花冠,丰田 花冠 行驶 十万 公里 皮带 要换,技师说 正 时 皮带 ， 这种 车型 最 10 万公里 ， 最好 更换 一次 。 皮带 时间 长 会 出现 老化 ， 出现 断裂 ， 会 损坏 发动机 ， 造成 车辆 抛锚 。 技师说 发电机 皮带 都 需要 检查一下 ， 最 6 8 万公里 。 需要 ， 检查 ， 更换 新件 。,现在 公里 数 ， 最好 检查一下 皮带 ， 应该 老化 现象 ， 皮带 。 寿命 8 10 万公里 。 建议 最好 更换 一下 。
Q13,福特,新世代全顺,大师 好 ！ 新 时代 全顺 ， 中 门板 手 钱 ？ 右门 玻璃 升降 开关 钱 ？,技师说 拉手 价格 60 元 ， 开关 60 元 ， 拿货 价格,拉手 升降 开关 价格 120 左右 ， 进货价格
Q14,本田,飞度,发动机 工作 状态 踩 离合 感觉 有点 震脚 沙子 ， 是不是 分离 轴承 问题 。 车速 达到 120 左右 感觉 车抖 ， 是不是 半轴 问题 。,技师说 离合器 发出声音 ， 完全 分离 轴承 ， 发出 声音 。 车身 抖动 ， 传动轴 关系 ， 检查 四个 轮胎 ， 轮胎 变形 严重 ， 轮毂 ， 轻微 变形 ， 都 会 出现 这种 情况 ， 都 些 做 轮胎 动平衡 。 车主说 离合器 没 听到 声音 ， 感觉 沙子 轻微 震脚 ， 车主说 轮毂 新换 ， 刚 做 动平衡 技师说 这种 情况 都 分离 轴承 过来 声音 。 轮胎 检查 确定 没 问题 ， 轮胎 会 影响 抖动 ， 轮胎 时间 长 ， 花纹 会 出现 高低不平 情况 ， 变形 情况 。 半轴 几率 非常 小 。 建议 找 同样 车型 更换 轮胎 试一下 。 车主说 速度 越快 抖 越 严重 车主说 新车 赔 技师说 四轮 定位 动平衡 都 做 ， 都 没 问题 ？ ， 先 检查 轮胎 ， 半轴 ， 问题 ， 只能 做 ， 替换 实验 。 先 轮胎 问题 排除 。 轮胎 变形 这种 情况 出现 ， 车身 抖动 遇到 很多 。 车主说 这种 情况 技师说 去 4s店 ， 他会 免费 解决 ， 轮胎 都 保修 一年 。 免费 处理 车主说 我换 轮毂 车主说 Te37 技师说 没换 轮毂 之前 没 出现 抖动 问题 ？ 车主说 没有 ， 我换 完 之后 做 完 动平衡 ， 跑 高速 没有 症状 ， 车主说 涉水 之后 车主说 我怕 进水 ， 变速箱 油 机油 都 换 车主说 其实 根本 没有 进水 ， 车主说 进水 空调 泵头 进水 ， 车主说 之后 毛病 技师说 意思 水路 以后 ， 出现 这种 情况 ？ 进水 重要 离合器 传动轴 不 发生 碰撞 ， 不会 引起 技师说 确定 车身 抖动 发动机 引起 。 车主说 说 不好 ， 高速 越开 约 抖 车主说 离合器 轻微 都 动 沙子 ， 分离 轴承 进水 导致 车主说 不 没 一脚 都 ， 发动机 转数 越高越 明显 ， 完 有时候 还 没有 技师说 ， 响声 肯定 进水 很大 关系 。 肯定 会信 ， 感觉 ， 分离 轴承 响声 。 抖动 ， 怀疑 半轴 问题 ， 试车 ， 试 完车 以后 找 相同 车装 上 试一下 ， ， 传动轴 ， 眼睛 看不出来 ， 变形 ， 正常 都 ， 处理 。 车主说 4s店 索赔 ， 分离 轴承 车主说 说 没 毛病 技师说 保修 时间 ， 车型 不 ， 保修 时间 不 ， 都 保修 三年 6 万公里 ， 确定 质量 问题 ， 肯定 索赔 技师说 试一下 ， 试 驾车 型 同样 车型 知道 。 车主说 我试 朋友 我俩 车 车主说 没有 技师说 肯定 出现 问题 。 车主说 还 说 矫情 ， 说 开 行 车主说 分离 轴承 进水 ， 技师说 说明 4s店 只干 挣钱 活 ， 不 挣钱 ， 不想 维修 ， ， 厂家 打电话 投诉 说 问题 ， 会 及时处理 。 车主说 不是 密封 技师说 分离 轴承 ， 中间 间隙 ， 水泡 ， 肯定 会 容易 进水 。 技师说 安装 变速器 壳 里面 ， 水太深 ， 会 缝隙 进去 。 车主说 车主说 车主说 车主说 技师说 技师说 技师说 车主说 技师说 看到 空调 泵 进水 ， 造成 生锈 轴承 损坏 。 拆下来 分离 轴承 上面 这种 情况 ， 都 进水 造成 。 车主说 车主说 车主说 车主说 技师说 车主说 技师说 技师说 车主说 车主说 车主说 技师说 技师说 车主说 车主说 车主说 技师说 技师说 车主说 车主说 技师说 车主说 要换 三件套 必须 更换 车主说 不 更换 投诉 技师说 。 不 更换 ， 离合器 压盘 上面 磨 应急 不 。 使用 起来 ， 还 没有 旧 好 。 车主说 谢谢 ， 确定 问题 车主说 必须 要求 更换 技师说 说 这种 情况 ， 肯定 问题 ， 正常 踩下去 没有 声音 。 ， 问题 肯定 处理 ， 不 影响 驾驶 心情 。 技师说 不客气 ！ 祝您 用车 愉快 ！ 车主说 踩下去 没有 声音 震脚 感觉 不 舒畅 车主说 顺畅 车主说 踩 车主说 离合器 片 不平 yaoqiu 更换 车主说 要求 车主说 车主说 技师说 肯定 一块 更换 ， 4s店 处理 ， 不想 再 重新 拆装 一次 。 技师说 点击 头像 下方 ， 关注 疑问 ， 随时 解答 车主说 谢谢 已经 关注 技师说 好 车主说 早上 试圈车 车主说 空挡 ， 油门 2 千多 转 踩 离合器 稍微 抖动 车主说 转数 越高 抖动 越 明显 技师说 踏板 上能 明显 感觉 震动 感觉 。 车主说 技师说 这种 情况 明显 分离 轴承 发出 声音 转速 高 以后 ， 轴承 运转 不 平稳 ， 出现 声音,踩 离合器 出现 离合器 踏板 ， 震动 ， 都 分离 轴承 问题 ， 需要 检查 抖动 ， 轮胎 ， 传动系统 。 半轴 很大 关系 ， 需要 做 替换 实验 。
Q15,奇瑞,瑞虎5,， 想 咨询 一下 奇瑞 瑞虎5 8 位 安全码 ， ， PIN 安全码 ， ， 谢谢,技师说 只能 去 4s店 ， 提供 有效证件 ， 厂家 查询 车主说,安全码 只能 去 售后服务 站 ， 提供 有效证件 厂家 获取
Q16,日产,天籁,最近 几天 后视镜 eco 图标 亮 听说 节能 模式 车上 没有 功能 请问 原因 关闭,技师说 节油 模式 ， 没有 单独 开关 技师说 图标 都 仪表盘 上 出现 车主说 会 后视镜 车主说 灯亮了 代表 车主说 模式 下 是不是 车会 比较 肉 ？ 技师说 技师说 省油 模式 车主说 车不肉 技师说 爱车 做过 积炭 清洗 车主说 没 做 技师说 建议 清洗 节气门 积炭 ， 喷油嘴 积炭 车主说 买 二手车 技师说 检查 火花塞 ， 不行 换掉 技师说 需要 做 积炭 清洗 换 火花塞 车主说 火花塞 换 车主说 换 没 多长时间 技师说 需要 做 积炭 清洗 车主说 意思 做个 积碳 清洗 没有 模式 车主说 ？ ？ ？ 技师说 不是 技师说 汽油 滤芯 换过 车主说 不 知道 保养 不 知道 换 没换 车主说 感觉 车 比较 肉 车主说 动力 好点 车主说 方向盘 感觉 有时候 重 车主说 我该 弄弄 帮 想想 办法 技师说 清洗 积炭 换 火花塞 技师说 液压 助力 转向 系统 ， 建议 换 助力 油,eco 燃油 经济 模式 ， 开启 功能 比较 节油 。 车型 单独 关闭 开关 ， 部分 车型 没有 开关 。 建议 爱车 做 积炭 清洗 换 汽油 滤芯
Q17,铃木,羚羊,长安 铃木 起步 熄火 . 刹车 熄火 处理,技师说 你好 ！ 检查 下 车子 节气门 怠速阀 是否 有脏 ， 清洗 干净 节气门 怠速阀 后 重新 匹配 节气门 试试 ， 希望 帮到 ！ 车主说 请问 维修 . 估计 钱 技师说 你好 ！ 大型 修理厂 车子 品牌 4S店 都 检查 维修 ， 价格 需要 检查 车子 故障 原因 才能 知道 需要 钱,你好 ！ 车子 故障 现象 需要 检查 下 节气门 怠速阀 是否 脏 ， 脏 ， 清洗 干净 节气门 怠速阀 后 匹配 节气门 ， 希望 帮到 ！
Q18,现代,名图,请问 电动 座椅 已调 最低 ， 觉得 高 人工 降低 高度 ！,技师说 电动 座椅 ， 只能 开关 调整 ， 控制 电机 ， 调整 支架 调整 ， 人工 没法 做 调整 ， 人工 做 调整 ， 电机 ， 没法 正常 控制 。 会 出现 故障 。 车主说 1.73 身高 调到 最 低头 会顶 天窗 ， 想着 不能 处理 下 技师说 看 车座 坐垫 厚度 是不是 比较 大 。 坐直 不能 里面 坐 太直 ， 一定 ， 稍微 向下 一点 ， 靠背 后 移动 一点 。 1 米 77 开 现代 瑞纳 ， 座椅 ， 调整 不了 没 问题 。 说 这款 车 驾驶 ， 没有 遇到 ， 说 ， 这种 情况,座椅 高度 ， 电动 调节 ， 电机 控制 ， 人工 不 能够 调节 。 这种 情况 ， 检查一下 坐垫 儿 厚度 是不是 太厚 ， 靠背 稍微 往后 放 点 ， 这样的话 不会 头顶 挨着 顶
Q19,宝马,宝马5系,宝马车 方法 知道 具体位置 ？ 喝酒 喝多 车子 不 知道 停 ？,技师说 你好 ！ 钥匙 遥控 按键 解锁 键 寻车键 看看 车子 双闪 灯 闪烁 报警 查看 车子 位置 ， 参考 下 ， 希望 帮到 ！ 车主说 简单 事情 还 问 ？ 车主说 不 知道 开 到哪去 车主说 要个 具体 方向 技师说 车子 安装 GPS 定位 打电话 GPS 公司 平台 查看 车子 位置 车主说 应该 安装 车主说 具体 操作 ？ 技师说 车子 安装 GPS 定位 功能 拔 GPS 公司 电话 查找 车子 具体位置 再 告诉 车主说 电话号码 ？ 车主说 发给 一下 ？ 技师说 你好 ！ 车子 安装 GPS 全球卫星 定位 时 会 留有 公司 号码 车主 客户 ， 看看 通讯录 是否 号码 车主说 好像 没有 车主说 家 车 好像 不是 安装 GPS ！ 车子 本来 车主说 导航 一起 好像 技师说 您好 ！ 车子 原车 自带 GPS 定位 功能 ， 打电话 购买 车子 售后服务 看看 是否 查找 车子 位置 车主说 好,你好 ！ 车子 安装 GPS 全球 定位 功能 咨询 下 4S店 售后服务 查询 车子 位置 ， 参考 下 ， 希望 帮到 ！
Q20,长城,长城M2,换 长城M2 发动机 钱,技师说 换 新 价格 750 0 . 左右,全新 突机 价格 750 0 左右 ， 进价
Q21,现代,瑞纳,请问 大师 现代 瑞纳 加 美国 狼头 机油 ？ 5W30 ， 狼头 机油 好 ？,技师说 机油 级别 车型 来说 肯定 没有 问题 ， 品牌 ， 市场 上 还 真 不多见 ， 机油 质量 没 问题 正品 ， 都 使用 。,机油 市面上 目前 使用 量 比较 少 ， 正品 ， 级别 ， 车 来说 完全 正常 使用 。
Q22,雪佛兰,探界者,凌度 行车 记录仪 河源 安装 点,技师说 没有 具体 安装 点 ， 修理店 都 ， 价格 60 . 左右,没有 ， 直接 去 修理店 安装 价格 60 80 . 之间
Q23,荣威,荣威350,荣威350 ， 10 年 车 ， 现在 行驶 过程 中 听到 发动机 汽门 响声 ， 是否 影响 行驶 ， 好 维修 ?,技师说 气门 声音 时间 长 以后 会 间隙 正常 磨损 会 发出 声音 ， 更换 机油 质量 问题 ， 会 出现 声音 ， 目前 加速 行驶 ， 一切正常 ， 不会 受到 影响 。 车主说 加速 行驶 一切正常 ， 明白 ， 谢谢 大师 。 技师说 正常 使用 ， 没有 必要 花费 ， 维修 。 不客气 ！ 祝您 用车 愉快 ！ 车主说 谢谢 ！,车辆 长时间 运行 ， 使用 过程 中 会 出现 正常 磨损 ， 会 造成 气门 间隙 增大 ， 机油 质量 不好 ， 会 出现 问题 ， 现在 车辆 提速 加速 一切正常 ， 暂时 不用 维修 。
Q24,现代,瑞纳,13 年 瑞纳 现在 噪音 大 ， 低速 挡 怠速 不稳 ， 积碳 好像 ， 处理,技师说 噪音 大是 发动机 发出 ， 行驶 起来 噪音 大 车型 轮胎 ， 质量 比较 不好 ， 容易 变形 ， 发出 噪音 。 技师说 怠速 不 稳定 ， 清洗 一下 节气门 体 ， 做个 匹配 ， 检查一下 火花塞 ， 点火 情况 ， 车辆 现在 行驶 公里 。 车主说 68000 公里 ， 车主说 好像 车轮 ， 去年 换 邓禄普 ， 去年 没有 莫大 声音 技师说 。 更换 轮胎 行驶 公里 ？ 车 普遍 ， 轮胎 都 会 噪音 ， 轮胎 ， 正常 行驶 起来 气 不能 太高 ， 太高 会 发出 噪音 。 车主说 跑啦 100 00 技师说 。 说 这种 情况 轮胎 噪音 多一点 ， 检查一下 轮胎 ， 滑轮 有没有 偏磨 现象 有没有 出现 ， 磨得 高低不平 情况 ？ 车主说 之前 锦湖 车主说 滑轮 技师说 锦湖 轮胎 以前 普遍 都 问题 。 后来 好多 车型 都 更换 ， 邓禄普 ， 轮胎 相对来说 噪音 比较 小 。 技师说 这是 龙胎 ， 表面 花纹 。 车主说 才 一年 问题 技师说 说 不准 ， 原车 轮胎 ， 将近 一年 时间 出现 变形 情况 ， 行驶 路况 关系 ， 说 噪音 大 ， 行驶 起来 声音 ， 肯定 轮胎 问题 轴承 问题 ， 先 轴承 问题 排除 ， ， 轮胎 问题 。 这种 车 尤其 前轮 轴承 容易 发出声音 ， 检查一下 。 车主说 好 技师说 先 检查 ， 问题 ， 只能 ， 一项 一项 排除,噪音 大 ， 行驶 起来 出现 问题 ， 先 检查 轮胎 轴承 是不是 出现 印象 ， 轴承 没 问题 ， 轮胎 发出 声音 。 清洗 积炭 主要 清洗 节气门 体 ， 进气 系统 ， 发动机 燃烧室 ， ， 燃油 系统 喷油嘴 ， 都 专用 清洗剂 ， 定期 做 保养 清洗 。
Q25,现代,朗动,大师 你们好 ， 现代 朗 动车 最近 右 前轮 部位 响声 ， 噋 噋 响 ， 低速 30 迈速 倒车 往右边 方向 时 比较 响 ， 这种 响声 一次 困扰 好几个 月 ， 去 修理厂 问 师傅 说 方向机 事 说 减震器 顶胶 事 ， 说 平衡杆 球头 事 ， 请问 响声 到底 是从 部位 发出 ， 请 大师 准确 解答 ， 谢谢 ！ ！ ！,技师说 说 这种 情况 ， 这种 响声 情况 下 比较严重 ， 减速带 不平 路面 会 不会 发出 响声 ？ 底盘 有没有 检查 ？ 球头 问题 ， 脚头 问题 ， 都 检查 出来 ， 他会 松旷 地方 。 技师说 减震器 ， 顶胶 问题 检查一下 ， 搬 下 轮胎 ， 看 有没有 间隙 ， 上面 压力 轴承 ， 方向 跟着 一块 移动 ， 损坏 会 发出声音 ， 方向 减震器 最 上端 ， 感受 。 车主说 小小的 护坡 小洞 响声 ， 平 路 往右边 方向 倒车 往右边 方向 都 响声 车主说 是不是 刹车片 松动 ？ 车主说 都 检查 ， 球头 没有 松动 迹象 技师说 响声 摩擦 声音 ， 比较 清脆 声音 。 技师说 刹车片 不会 松动 ， 刹车 分泵 回 位 支架 ， 有时候 时间 长 会 松动 ， 脚 踹 一下 ， 看 有没有 响声 知道 ， 转向 出现 问题 都 ， 减震器 压力 ， 轴承 比较 多一点 。 车主说 判断 ， 这种 现象 地方 发出 声音 ？ 技师说 感觉 减震器 上面 顶胶 压力 轴承 出现 问题 ， ， 车系 地方 都 容易 出现 问题 ， 不是 太大 问题 。 车主说 压力 轴承 部位 ？ 车主说 更换 钱 ？ 技师说 压力 轴承 打开 前机 盖 减震器 最 上端 。 保修期 三年 6 万公里 ， 自费 ， 材料费 ， 一百块 钱 左右 不到 ， 工时费 ， 外面 修理厂 50 80 。 车主说 是不是 镶 顶胶 里面 轴承 ？ 技师说 ， 最好 ， 看 一下顶 胶 有没有 间隙 ， 有婕茜 最后 一块 更换 效果 比较 好 。 车主说 顶胶 总成 钱 ？ 技师说 一百 左右 材料费 。,现在 检查 这种 情况 ， 底盘 平衡杆 ， 胶套 拉杆 球头 都 没有 松旷 地方 ， 转向 出现 异响 ， 可能 减震器 顶胶 压力 轴承 出现 问题 ， 先 检查一下 有没有 间隙 ， 转向 减震器 上端 ， 检查一下 会 不会 出现 响声 ， 更换费用 一对 大概 400 左右
Q26,丰田,雷凌,驾驶座 底部 侧面 凹 进去 30 厘米 得修 钱,技师说 你好 ！ 修理厂 修复 喷漆 大概 需要 300 元 左右 价格 ， 参考 下 ， 希望 帮到,你好 ！ 修理厂 钣金 修复 喷漆 需要 300 元 左右 价格 ， 参考 下 ， 希望 帮到 ！
Q27,长安,逸动,长安 逸动 三厢车 ， 减速带 甩尾 严重 。 前轮 刹车 右轮 刹车片 磨损 严重 ， 换 过分 泵 以后 依然 。 求 大师 指教,技师说 有没有 检查一下 后面 减震器 ， 轮胎 磨损 情况 ？ 技师说 ABS 灯亮 ， 看 一下 是不是 传感器 工作 不良 ？ 说 线路 出现 问题 ？ 车主说 。 后轮 该换 车主说 减震器 快速 过坎 直接 到底 技师说 检查 问题 都 一块 处理 ， 问题 ， 很 简单 。 车主说 意思 先换 轮胎 ？ 技师说 ， 前面 轮胎 放在 后面 。 轮胎 肯定 必须 要换 ， 不 处理 ， 发现 问题 ， 问题 排除 不了 车主说,这种 情况 先 后面 轮胎 更换 处理 一下 ， 轮胎 花纹 不 ， 肯定 会 出现 这种 情况 ， 减震器 损坏 必须 更换 ， 处理 以后 ， 才能 检查 地方 有没有 问题 。
Q28,北汽幻速,北汽幻速S3,刚买 17 款 幻速 S3 驾驶座 螺丝 松动 去 4S 处理 要钱 ？ 不用 带上 保养 本本 ？,技师说 你好 ！ 车子 还 质保 期内 去 4S店 检测 质量 故障 问题 免费 维修 ， 带上 购买 车辆 资料 去 4S店 检查 下 ， 希望 帮到 车主说 ， 知道 ， 谢谢 ！,你好 ！ 车子 还 质保 期内 ， 去 4S店 检测 出厂 质量 故障 免费 维修 ， 希望 帮到 ！
Q29,别克,君越,09 年 别克君 越 、 车子 发动 空调 电子 扇 停不下来,技师说 提出 问题 ， 车辆 开启 空调 状态 下 ， 电子 扇 本身 会 处于 转动 。 这种 情况 正常 车主说 车子 发动 电子 扇 高速 转 技师说 。 本身 技师说 不是 说 开启 空调 再会 车主说 关键 没 开 空调 技师说 第一次 问到 问 开 空调 技师说 没有 开启 空调 状态 下 ， 电子 扇 处于 高速旋转 ， 这种 情况 可能 水温 传感器 损坏 ， 线路 方面 接触不良 现象 ， 发动机 处于 高温 状态 下 都 会 造成 这种 现象 ， 最好 修理厂 ， 维修 人员 使用 电脑 ， 先帮 去 提 ， 检查一下 ， 检查一下 防冻液 是否 严重 ， 缺少 车主说 水温 正常 、 启动 电子 扇 都 高速 转 技师说 ， 去 修理厂 4s店 找 人去 帮 检查 下 车主说 开 一天 水温 都 90 度 技师说 车主说 车主说 水温 传感器 技师说 缸盖 上 车主说 车主说 一边 车主说 帮 看看 技师说 右边 壳子 都 拆掉,开启 空调 状态 下 风扇 处于 高速运转 状态 下 这是 正常
Q30,奥迪,奥迪Q3,车开 三年 ， 有人 推荐 延保 ， 必要 购买 ？,技师说 延保 4s店 推出 活动 ， ， 顾客 去 店里 做 保养 ， 回头客 ， 延保 ， 都 条件 ， ， 不 仔细阅读 ， 可能 会 钻 空 。 买 这种 情况 很少 ， 车辆 平时 开 比较 ， 选择 购买 车主说 钻 空 ？ 技师说 保修 内容 一定 确定 ， 包括 油封 漏油 ， 易损件 都 不 延保 范围 之内 ， ， 延保 ， 损坏 以后 自费 。 ， 保修 大多 都 不 可能 损坏 东西 ， 发动机 ， 主要 零配件 。 车主说 油封 漏油 包含 。 车主说 正式 链条 技师说 包含 ， ， 车型 ， 特别 容易 漏油 漏水 情况 ， 尤其 正时 链条 容易 出现 问题 ， 说 ， 条款 都 看好 以后 ， 决定 ， 购买 东西 。 车主说 谢谢 。 技师说 不客气 ！ 祝您 用车 愉快 ！ 车主说 谢谢 ， 方便 加个 微信 技师说 平台 不 允许 留 联系方式 ， 都 规定 ， 请 理解 。 点击 头像 下方 ， 关注 疑问 ， 随时 解答 车主说 其实 做 延保得 ， 明天 销售 车 客户 ， 询问 相关 知识 ， 技师说 ， 说 东西 ， 4s店 ， 地方 都 东西 ， 目的 吸引 顾客 ， 深入 讲解 一下 ， 车辆 ， 东西 损坏 以后 需要 费用 ， 算 经济账 ， 理解 。 说白了 ， 主要 ， 价格 以后 使用 做 对比 。 车主说 现在 不 清楚 客户 品牌 车辆 到底 哪些地方 易损 ， 需要 更换 。 刚才 告诉 q3 ， 却 不 知道 ， 技师说 大众 系列 ， 包括 奥迪 系列 ， 车 问题 相对来说 比较 ， 正时 一套 ， 大众 车型 好多 都 出现 问题 ， 他用 发动机 基本上 差不多 。 技师说 车辆保养 手册 翻出来 ， 厂家 ， 保修 ， 零配件 ， 参考 一下 。 车主说 主要 负责 品牌 很多 技师说 很 简单 ， 每个 。 品牌 保养 手册 ， 厂家 质量 担保 手册 ， 阅读 一下 ， 几样 东西 ， 每个 车型 都 差不多 车主说 福特 品牌 ？ 长安 品牌 技师说 两款 品牌 ， 目前 现在 发动机 故障率 都 比较 低 。 保修 ， 主要 发动机 零件 一块 变速器 ， 尤其 自动 变速器 出现 问题 车主说 变速器 。 主要 问题 。 技师说 肯定 里面 轴承 齿轮 压 出现 问题 ， 自动 变速器 ， 自动 变速器 ， 控制系统 出现 问题 ， 变速器 当中 车主说 主要 出现 问题 体现 ？ 油封 机油 漏油 ， 说 轴承 齿轮 压是 ？ 技师说 后续 延保 ， 说白了 买 保险 ， 客户 车 没有 问题 ， 净赚 ， ， 遇上 问题 ， 肯定 客户 ， 比较 占便宜 ， 买 保险 一模一样 。 变速器 ， 自动挡 容易 出现 异响 ， 控制阀 板 损坏 ， 比较 大 零部件 ， 维修 都 两三千 以上 ， 手动 变速箱 容易 ， 变速器 里面 都 曾 出现 问题 ， 齿轮 磨损 ， 主要 两个 问题 。 车主说 每次 询问 收费 。 技师说 里面 不是 付费 条件 ？ 两元 ， 有效期 12 小时 。 五元 十元 ， 时间 比较 长 一点 ， 24 小时 左右 。 车主说 明白 ， 感谢 。 车主说 愿意 加 186 7335 车主说 0802 技师说 不客气 。 技师说 平台 上 不要 留下 联系方式 ， 不会 添加 任何人 联系方式 ， 小心 泄露 个人 信息 。 对话 别人 都 看见 。 汽车 大师 名义 ， 添加 所有 信息 ， 千万 不要 添加 ， 都 不会 添加 ， 都 规定 。 车主说 明白 。 没事 ， 有事 再 咨询 。 技师说 好 。,车辆 延保 ， 现在 很多 人 车辆 比较 重视 ， ， 零部件 ， 重要 零部件 ， 后期 维修 ， 费用 比较 高 。 延保 很大 优势
Q31,江淮,同悦,车 红色 ， 上面 飞溅 上面 白漆 ， 可能 停车 路边 干铁艺 喷漆 溅 上面 ， ？,技师说 你好 这种 情况 赶紧 修理厂 ， 维修 人员 帮 找点 汽油 擦 一下 ， 油漆 没有 彻底 干透 ， 擦起来 车主说 发现 已经 好 几天 技师说 先 去 试一下 。 汽油 擦 一下 。 擦 不 起来 ， 只能 重新 喷漆,油漆 没有 彻底 干透 使用 汽油 擦起来 已经 干透 只能 重新 喷漆
Q32,马自达,马自达6,马自达6 车漆 养护,技师说 你好 定期 车漆 做 打蜡 镀金 打蜡 能够 车漆 表面 形成 一种 保护膜 。 镀金 防止 酸雨 腐蚀 太阳 暴晒 。 技师说 形成 一种 很 好 保护 车主说 马自达6 5 年 ， 表面 轻微 划伤 。 接下来 保养 车主说 对车 无副作用 技师说 做 抛光 打蜡 好 车主说 抛光 无副作用 ， 磨掉 一侧 原车 漆 不 更 薄 车主说 淘宝 卖 打蜡 有用吗 请问 技师说 一点点 不会 影响 太 大 技师说 没有 弄 不了 。 需要 使用 抛光机 才 起到 很 好 效果,定期 做 镀金 打蜡 能够 起到 很 好 保护 车漆 作用
Q33,长安欧尚,欧诺,老师 。 长安 欧诺 12 年款 1.5 vvt 待机 2500 转 ， 怕怕 响 怎么回事 。 煤气 打火 灶 声音 。 跑 起来 80 码 响 ， 请 老师 告知,技师说 故障 现象 车龄 ， 需要 检查 发动机 皮带 皮带轮 ， 特别 张紧 轮 ， 确认 更换 即可 。 车主说 跑 6 万多公里 ， 车主说 待机 2500 转 响 。 车主说 跑 80 码 以上 响 ， 车主说 长安 欧诺 皮带 ， 链条 车主说 换个 皮带 钱 ， 车主说 声音 很 脆弱 技师说 外面 都 皮带 ， 店 顺便 确认 下 ， 具体 价格 建议 咨询 当地 维修点 。 车主说 待机 2500 转才响 ， 2500 转 待机 不响 。 低于 2500 转 不响 ， 怕 ， 怕 ， 怕 ， 声音 。 煤气 打火 灶 声音 。 车主说 发动机 里面 链条 ？ 车主说 不是 坏 ， 车主说 老师 估计 一下 ， 长安 欧诺 ， 皮带 大约 钱 。 车主说 ？ 技师说 不会 里面 坏 ， 外面 皮带 张紧 轮 比较 技师说 不贵 一套 最 几百块,建议 检查 确认 发动机 皮带 张紧 轮 ， 确认 更换 即可 。
Q34,现代,名图,那车 北京 现代 2014 款 名图 ， 太阳 晒 一会 ， 打开 车门 ， 气味 很难 问 ， 开 一会 车 ， 人 感觉 头 昏昏 。,技师说 你好 这种 情况 车内 放置 竹炭 包 去 吸附 异味 买 香水 香膏 东西 去 进行 空气 得以 改善 车主说 没有 ， 是从 去年 夏天 这种 现象 ， 开 空调 感觉 ， 买 香膏 之内 东西 ， 感觉 。 技师说 没 办法 说明 车 气味 比较 敏感 车主说 朋友 前 几天 开 10 多公里 ， ， 头晕 晕 技师说 最好 开到 4S店 维修 人帮 检查一下 空调 滤芯 是不是 问题 车主说 好 ， 谢谢 技师说 不客气,买 竹炭 包 放在 车里 吸附 异味 买 香水 香膏 东西 放在 车里 进化 空气
Q35,起亚,索兰托,变速箱 油有 臭味 速度 80 迈 不 跳 档,技师说 你好 这种 现象 明显 变速箱 内部 磨损 严重 缺油 导致 建议 先到 修理厂 去 检查 变速箱 油 油液 没有 缺少 只能 拆解 变速箱 进行 大修 车主说 换 手动挡 速度 上去 技师说 臭味 还会 车主说 四档 不 跳 档 技师说 可能 变速箱 电磁阀 出脸 问题 需要 具体 拆开 检查 下 车主说 变速箱 油有 臭味 技师说 有没有 重新 更换 新 变速箱 油 试一试 车主说 没有 换 技师说 最好 先换 一下 油 试一试 车主说 好 技师说,这种 现象 建议 先 更换 新 变速箱 油 试一下 存在 这种 故障 只能 拆解 变速箱 进行 维修
Q36,长安,逸动,2015 款长 安逸 动车 ， 每次 开车 40 码到 65 码 之间 ， 坐在 车里 听到 外面 发动机 前面 呼拉呼 拉 声音 。 不 知道 问题 ？,技师说 你好 速度 之间 这种 声音 通常 都 发动机 产生 共振 现象 需要 检查 发动机 下 护板 是否 松动 检查 发动机 鸡脚 是否 损坏 检查 排气管 上 隔热板 螺丝 是否 松动 车主说 车主说 差不多 情况 ， 没 去 4S店 检查 车主说 倒车 方向盘 ， 会 嘎嘎 声音 车主说 准备 抽个 时间 去 4 S 店 检查 下 。 技师说,这种 现象 发动机 产生 共振 现象 检查 发动机 下 护板 鸡 脚架 排气管 隔热板 螺丝 是否 出 问题
Q37,荣威,荣威350,请问 荣威350 自动挡 5w 公里 具体 保养 项目 ， 变数 箱油要 换 ？,技师说 你好 五 万公里 需要 进行 一次 大 保养 。 需要 更换 东西 很多 机油 机滤 空滤 刹车油 变速箱 油 汽油 滤芯 火花塞 防冻液 都 需要 进行 更换 车主说 大概 钱 ？ 技师说 200 0 左右 车主说 ， 谢谢 ！ 技师说 不客气,五 万公里 需要 做大 保养 需要 更换 变速箱 油 刹车油 汽油 滤芯 防冻液 空调 滤芯 火花塞 都 需要 进行 更换
Q38,大众,POLO,Polo 新车 两个 月 ， 异响 处理 ， 4s店 说 没 办法 ， 请问 找 ？,技师说 你好 4S店 维修 次数 拆过 三次 都 没有 解决 好 要求 退还 车辆 。 新 三包 法内 明确规定 。 进行 厂家 电话 投诉 车主说 三包 多久 ？ 技师说 两年 五 万公里 内 都 属于 三包 期 车主说 厂家 上汽大众 ？ ， 找 经销商 技师说 。 只能 经销商 技师说 投诉 4S店 都 没有 解决办法 真的 没 办法 。 车主说 ? ? 技师说 ? ?,新车 维修 次数 超过 三次 进行 退还 车辆 。
Q39,北京,北京BJ40,bj40 仪表盘 显示 存在 故障 问题,技师说 你好 这种 情况 通常 都 灯泡 坏掉 。 倒车 雷达 出 问题 。 最好 修理厂 维修 人员 帮 使用 电脑线 具体 检查一下 看看,这种 现象 可能 灯泡 损坏 倒车 雷达 出 问题 。 建议 修理厂 找 维修 人员 帮 先 具体 检查一下
Q40,众泰,众泰SR7,车 众泰 sr7 ， 去年 车开 逐渐 少 ， 星期 开个 两三回 ， 发现 问题 超过 三天 就会 没电 启动 不了 ， 4s店 检修 多次 没 给出 原因 ， 电瓶 换 ， 车 还 4s店 放着,技师说 理论 上 每月 使用 频率 的确 很 低 不 具备 发电机 电瓶 充电 条件 电 还 没有 充满 已经 车子 熄火 一种 情况 车子 放电 地方 现在 汽车 基本上 都 电控 为主 电控 模块 质量 问题 会 出现 放电 现象 需要 借助 万用表 去 测量,万用表 电流 钳 检测 是否 放电 情况 排除故障 没有 试试 每天 行驶 断 时间 电瓶 能够 充满 电量
Q41,吉利汽车,金刚,汽车轮胎 蹭 掉 一块 橡胶 用换 轮胎,技师说 发个 具体 看看 受伤 情况 技师说 新车 ， 不 严重 ， 放在 后轮 使用 车主说 后轮 技师说 车主说 现在 不好 拍 车主说 明天 拍 技师说 ， 车主说 好像 没有 帘子 车主说 轮毂 擦伤 影响 ？ 技师说 没有 影响,后轮 使用 ， 没有 问题 ， 新车 新 轮胎 耐用
Q42,奥迪,奥迪A3 进口,15 款 进口 奥迪 a3 更换 已经 显示 18000 公里 全 液晶 仪表盘 ， 原车 已经 跑 58000 公里 ， 想 仪表盘 公里 数 调整 58000 。 期间 去 一家 ， 他家 出来 三个 调表器 ， 最后 黑色 确认 以后 仪表盘 重启 ， 公里 数 仍然 没有 改变 。 请问 没 更好 办法 。 不 改回来 没有 质保 。 哈尔滨市 ， 找 专业 地方 ， 工时费 单独 计算,技师说 调表 ， 技师说 具体 购车 日期 车主说 15 年 ， 调表器 ， 调整 不 过来 车主说 那种 小 黑色 技师说 快 出 质保 期 技师说 没有 必要 调 车主说 一年 ， 送 延堡 车主说 跑 6 万公里 ， 正是 需要 换 重要 配件 技师说 六 万公里 需要 换 配件 都 自费 技师说 所谓 大 保养,没有 办法 ， 全 液晶 仪表盘 新 产品 ， 很多 改写 里程 电脑 无法 破解 系统 ， 拆下 里程表 芯片 单片机 上 利用 汽车 数码 大师 做 改写 里程
Q43,捷豹,捷豹XF,捷豹XF 右 后视镜 换 ， 镜片 好好 外壳 列,技师说 去 4s店 更换 价格 3000 左右 ， 去 购买 价格 100 0 技师说 外壳 裂 照片 车主说 后面 外壳 没裂 车主说 前面 一圈 黑色 裂 车主说 不能 上传 车主说 照片 不 知道 发送 不 过去 车主说 照片 提示 上传 失败 车主说 方式 发图 技师说 发 不了 车主说 应该 算是 镜子 前面 一圈 黑色 裂 ， 后壳 好好 技师说 技师说 没 看到 车主说 镜 面前 一圈 车主说 前面 一圈 黑色 边框 技师说 很 明显 车主说 明显 技师说 不想 换 粘贴 试试 ， 毕竟 不 便宜 。 要换 只能 换 总成 车主说 总成 价格 再 技师说 3000 车主说 总成 三千多 车主说 4S 技师说 技师说 具体 先 打电话 咨询 车主说 4S 价格 报价 差不多 技师说 车主说 您好 刚刚 问 下 后视镜 镜框 车主说 4S 单卖 ？ 必须 换 总成 技师说 4s 没有 单卖,没有 单独 更换 配件 ， 只能 换 后视镜 总成 ， 价格 3000 左右
Q44,哈弗,哈弗H6,哈佛 H6 换 正时 皮带 后报 失火 故障码 问题,技师说 你好 ！ 这种 情况 下 需要 检验 一下 正 时 是否 正确 ， 测量 发动机 缸 压来 判断 正 时 车主说 正 时 确认 对齐 技师说 款 发动机 是不是 平衡 轴 ？ 平衡 轴 需要 记号,检查 正 时 ， 测量 缸 压
Q45,丰田,锐志,车 最近 跑 高速 开 空调 ， 跑 段时间 AC 灯会 闪烁 ， 空调 不 制冷 ， 吹出来 自然风 ， 请问 情况,技师说 电脑 检测 进入 空调 系统 是否 故障 ， 车主说 没有 车主说 都 检查 技师说 不 工作 留意 电子 扇 转 不 车主说 空调 不 工作 ， 电子 扇 不 转 车主说 修理厂 说 压缩机 问题 ， 换 不行 ， 问题 没有 解决 车主说 AC 灯闪 ， 空调 关了 会 再 开 技师说 有用 电脑 看过 空调 系统 数据流 车主说 好像 看 车主说 室内 温度 会 变化 ， 技师说 说 不 ？ 车主说 没有 技师说 室外 车主说 说 蒸发 箱 感应 温度 会 变化 车主说 室外 仪表 显示 温度 相差 不到 1 度 技师说 车子 停下来 开 空调 正常 ？ 车主说 原地 会 没有 跑 高速 频繁 技师说 空调 放大器 检查 车主说 东西 车主说 没听说过 技师说 空调 电脑板 车主说 空调 电脑板 检查 车主说 不是 空调 面板 技师说 不是 ， 空调 系统 一块 电脑板 车主说 内 听 修理厂 说 车主说 你好 位置 安装 车主说 检查 ？ 技师说 最 主要 看 数据流 不 ， 车主说 数据流 刚才 说 ， 没有 技师说 不 动作 看看 里面 数据流 ， 温度 ， 电压 技师说 电脑板 问题 车主说 好像 电脑 读 不 出来 技师说 空调 线路 检查 车主说 现在 看 数据流 技师说 好 车主说 车主说 车主说 看到 不能 技师说 看 技师说 一下 空调 面板 看看 车主说 车主说 车主说 你好 电话 ？ 打电话 技师说 电脑板 问题 车主说 电脑 版 技师说 这车 中央 显示 开 空调 显示 车主说 不 明白 意思 车主说 仪表 不 显示 车主说 空调 面板 上 显示 技师说 大屏幕 技师说 ， 车主说 导航 车主说 导航 上 不 显示 技师说 车主说 空调 面板 显示 技师说 看看 电脑板 ， 线路 检查 技师说 空调 继电器 检查 车主说 线路 看 ， 修理工 说 插头 都 没事 车主说 没有 检查 技师说 建议 先 检查一下 空调 继电器 是否 发热 不 动作 ， 如无事 看 电脑板 。 车主说 电脑 版 车主说 修理工 找 不到 技师说 电脑板 空调 格 附近 车主说 好 车主说 明天 看看 车主说 谢谢 车主说 微信 没有 技师说 好,检查一下 空调 继电器 是否 发热 不 动作 ， 检查一下 空调 电脑板 。
Q46,起亚,秀尔,12 年 起亚 秀儿 ， 中控锁 不 动作 ， 更换 锁块 ， 控制 盒 ， 线路 都 ， 遥控 双 闪亮 ， 锁 不 动作,技师说,描述 情况 分析 ， 应该 检查 遥控器 有没有 发出 频率 信号 ， 更换 控制 盒 有没有 遥控器 匹配 ， 很 高兴 解答
Q47,奥迪,奥迪A6L,仪表 上 有时 会 显示 EPC ， 原因 ， 4S店 检查 必须 要换,技师说 稍等一下 ， 帮 看 下 技师说 检测 出来 故障码 车主说 4S 检查 ， 开 没什么 异常 车主说 EPC 有时 ， 有时 没有 技师说 很多 东西 没有 必要 更换 ， 现在 故障 灯亮 ， 需要 故障码 才能 确定 车主说 4S店 检测 外面 修理厂 换 效果 会 差不多 技师说 很多 故障 灯亮 没有 关系 明白 不 ， 技师说 地方 修理厂 仪器 调取 下 故障码 ， 技师说 故障码 ， 车主说 好 技师说 ， 点击 关注 ， 随时 联系 车主说 故障 显示 燃油泵 可变 正 时 电磁阀 ， 车主说 电磁阀 电阻 不 稳定 车主说 修车 厂 说 技师说 技师说 车主说 问 ， 车子 还 没 过去 技师说 车主说 好 技师说,描述 情况 分析 ， 应该 检查 发动机 故障码 ， 故障码 判断 故障 ， 不是 随便 更换 配件 ， 很多 配件 发动机 灯亮 没有 关系 ，
Q48,大众,桑塔纳志俊,开 钥匙 门 鼓风机 转 怎么回事,技师说 检查一下 鼓风机 电阻 技师说 空调 开关 车主说 电阻 换 两个 都 没 管事 、 车主说 空调 开关 插头 拔 不行 车主说 ？ ？ 技师说 车主说 管用 技师说 技师说 好了吗,检查 电阻
Q49,别克,昂科拉,变速器 油 多久 换 一次 ？,技师说 变速箱 油 3 5 万公里 左右 需 更换 ， 最好 车主说 谢谢 ！ 作用 ？ 有换 标志 ？ 换 一次 钱 ？ 技师说 车型 变速箱 型号 ， 钱 不好 说 看 型号 牌子 地区 收费 不 。 车主说 谢谢 ！ 技师说 动作 保护 变速箱 变速箱 润滑 . 技师说 好 车主说 谢谢 。 技师说 不用谢,3 5 万公里 需 更换 变速箱 油 。
